ID,CPU_USAGE_1,LAUNCHING_JOB_NUMS_1,CPU_USAGE_2,LAUNCHING_JOB_NUMS_2,CPU_USAGE_3,LAUNCHING_JOB_NUMS_3,CPU_USAGE_4,LAUNCHING_JOB_NUMS_4,CPU_USAGE_5,LAUNCHING_JOB_NUMS_5
1,86,0,87,0,72,0,55,0,52,0
2,41,0,33,0,36,0,47,0,27,0
3,80,0,59,0,34,0,8,0,3,0
4,11,0,3,0,3,0,2,0,3,0
5,1,0,2,0,7,0,8,0,4,0
6,11,0,15,0,18,0,15,0,13,0
7,3,0,3,0,3,0,2,0,5,0
8,0,199,1,199,0,199,0,199,0,199
9,3,0,3,0,3,0,3,0,3,0
10,25,0,14,0,11,0,10,0,8,0
11,3,0,3,0,5,0,49,0,79,0
12,4,0,4,0,4,0,4,0,4,0
13,4,3,4,3,4,3,4,3,4,3
14,84,0,50,0,45,0,5,0,2,0
15,5,0,6,0,8,0,12,0,17,0
16,19,0,22,0,22,0,42,0,51,0
17,15,0,9,0,4,0,2,0,2,0
18,18,0,7,0,9,0,14,0,18,0
19,19,0,62,0,56,0,40,0,31,0
20,10,0,24,0,25,0,15,0,15,0
21,61,0,41,0,26,0,19,0,29,0
22,4,0,3,0,3,0,3,0,3,0
23,4,0,4,0,4,0,4,0,4,0
24,13,0,17,0,22,0,12,0,4,0
25,0,0,0,0,0,0,1,0,0,0
26,3,0,15,0,63,0,64,0,36,0
27,4,0,5,0,9,0,27,0,34,0
28,3,0,3,0,6,0,15,0,58,0
29,56,0,46,0,43,0,40,0,43,0
30,3,0,3,0,4,0,9,0,34,0
31,6,0,5,0,4,0,4,0,4,0
32,51,0,29,0,34,0,45,0,42,0
33,4,0,4,0,4,0,4,0,4,0
34,50,0,51,0,58,0,49,0,41,0
35,17,0,67,0,50,0,31,0,26,0
36,14,0,83,0,78,0,47,0,50,0
37,43,0,3,0,3,0,3,0,2,0
38,51,0,37,0,4,0,3,0,2,0
39,12,0,12,0,9,0,10,0,15,0
40,22,0,19,0,25,0,27,0,31,0
41,19,0,24,0,24,0,19,0,19,0
42,3,0,3,0,3,0,5,0,39,0
43,62,0,64,0,69,0,69,0,66,0
44,3,0,3,0,3,0,3,0,3,0
45,3,0,9,0,55,0,69,0,55,0
46,4,1,4,1,4,1,4,1,4,1
47,6,0,5,0,7,0,12,0,35,0
48,66,0,52,0,16,0,4,0,3,0
49,4,0,4,0,4,0,4,0,4,0
50,36,0,57,0,47,0,25,0,15,0
51,45,0,26,0,35,0,28,0,29,0
52,3,0,3,0,5,0,28,0,72,0
53,4,0,3,0,3,0,3,0,4,0
54,35,0,36,0,43,0,41,0,46,0
55,5,0,4,0,3,0,3,0,3,0
56,32,0,19,0,30,0,35,0,56,0
57,41,0,7,0,3,0,3,0,2,0
58,3,0,3,0,3,0,4,0,3,0
59,4,0,4,0,4,0,4,0,4,0
60,100,1,89,1,86,1,82,1,72,1
61,2,0,5,0,13,0,64,0,59,0
62,85,0,49,0,63,0,5,0,4,0
63,13,0,15,0,19,0,13,0,12,0
64,0,0,0,0,0,0,0,0,0,0
65,5,0,19,0,57,0,24,0,14,0
66,100,199,92,199,91,199,91,199,90,199
67,36,0,48,0,44,0,46,0,48,0
68,4,0,4,0,3,0,3,0,4,0
69,25,0,23,0,30,0,27,0,26,0
70,3,0,5,0,5,0,4,0,10,0
71,50,0,18,0,8,0,4,0,3,0
72,4,2,3,2,4,2,4,2,4,2
73,4,0,4,0,4,0,4,0,4,0
74,12,40,14,40,14,40,15,40,15,40
75,19,0,19,0,18,0,18,0,18,0
76,0,0,0,0,0,0,0,0,0,0
77,4,0,4,0,4,0,3,0,26,0
78,23,0,74,0,55,0,35,0,23,0
79,0,0,0,0,0,0,0,0,0,0
80,14,0,9,0,10,0,9,0,10,0
81,12,0,32,0,53,0,35,0,29,0
82,4,0,4,0,4,0,4,0,4,0
83,5,0,1,0,3,0,4,0,19,0
84,40,0,47,0,5,0,3,0,3,0
85,86,0,86,0,78,0,62,0,48,0
86,6,0,9,0,30,0,59,0,44,0
87,10,0,2,0,3,0,3,0,3,0
88,4,0,4,0,3,0,3,0,4,0
89,4,0,19,0,77,0,72,0,40,0
90,68,0,59,0,64,0,64,0,66,0
91,2,0,2,0,2,0,2,0,2,0
92,0,29,1,29,1,29,1,29,1,29
93,4,0,4,0,5,0,5,0,6,0
94,3,0,10,0,46,0,70,0,43,0
95,64,0,5,0,3,0,2,0,3,0
96,17,0,15,0,10,0,5,0,3,0
97,7,0,4,0,4,0,5,0,6,0
98,0,0,0,0,0,0,0,0,0,0
99,12,40,16,40,16,40,15,40,16,40
100,2,0,2,0,2,0,2,0,2,0
101,69,0,44,0,29,0,3,0,3,0
102,13,0,12,0,12,0,12,0,13,0
103,0,0,0,0,0,0,0,0,0,0
104,4,0,4,0,4,0,3,0,3,0
105,30,0,23,0,13,0,10,0,12,0
106,19,0,46,0,22,0,15,0,16,0
107,23,0,70,0,60,0,42,0,30,0
108,17,0,13,0,9,0,6,0,5,0
109,5,0,8,0,19,0,40,0,11,0
110,50,0,40,0,35,0,45,0,38,0
111,3,0,15,0,56,0,55,0,32,0
112,13,0,27,0,36,0,43,0,41,0
113,0,0,0,0,0,0,0,0,0,0
114,29,0,71,0,50,0,38,0,18,0
115,16,0,16,0,24,0,33,0,31,0
116,0,0,0,0,0,0,0,0,0,0
117,4,0,4,0,4,0,4,0,4,0
118,9,0,16,0,12,0,9,0,9,0
119,0,0,0,0,0,0,0,0,0,0
120,4,0,4,0,4,0,4,0,4,0
121,4,0,7,0,22,0,50,0,31,0
122,62,0,31,0,53,0,63,0,39,0
123,58,0,29,0,48,0,41,0,36,0
124,4,0,4,0,4,0,4,0,4,0
125,7,0,11,0,17,0,36,0,24,0
126,6,0,22,0,81,0,64,0,38,0
127,12,0,13,0,10,0,10,0,12,0
128,100,0,91,0,96,0,86,0,88,0
129,0,0,0,0,0,0,0,0,0,0
130,13,0,11,0,9,0,10,0,12,0
131,10,0,54,0,71,0,43,0,30,0
132,3,0,4,0,6,0,25,0,52,0
133,2,0,2,0,2,0,2,0,2,0
134,14,0,14,0,16,0,64,0,62,0
135,0,0,0,0,0,0,0,0,0,0
136,4,0,3,0,6,0,23,0,52,0
137,4,0,3,0,3,0,3,0,3,0
138,4,0,4,0,3,0,3,0,3,0
139,5,3,4,3,5,3,4,3,5,3
140,4,0,3,0,7,0,59,0,80,0
141,4,0,4,0,4,0,4,0,4,0
142,2,0,5,0,5,0,7,0,14,0
143,67,0,68,0,58,0,66,0,63,0
144,3,0,3,0,3,0,3,0,3,0
145,3,0,3,0,5,0,12,0,15,0
146,4,0,4,0,4,0,4,0,4,0
147,3,0,2,0,10,0,33,0,68,0
148,40,0,38,0,31,0,29,0,29,0
149,13,0,32,0,27,0,10,0,8,0
150,2,0,2,0,2,0,2,0,2,0
151,13,0,38,0,25,0,12,0,12,0
152,56,0,32,0,10,0,5,0,4,0
153,5,0,4,0,4,0,5,0,6,0
154,81,0,70,0,48,0,33,0,7,0
155,3,0,2,0,5,0,38,0,83,0
156,4,0,4,0,4,0,4,0,4,0
157,7,0,28,0,63,0,52,0,38,0
158,0,0,0,0,0,0,0,0,0,0
159,56,0,59,0,38,0,32,0,8,0
160,0,0,0,0,0,0,0,0,0,0
161,62,0,34,0,14,0,11,0,4,0
162,54,0,53,0,65,0,38,0,36,0
163,41,0,23,0,14,0,13,0,8,0
164,6,1,4,1,3,1,3,1,3,1
165,4,0,4,0,4,0,4,0,4,0
166,8,0,23,0,67,0,71,0,47,0
167,42,0,19,0,6,0,3,0,3,0
168,2,0,2,0,2,0,2,0,2,0
169,59,0,12,0,5,0,4,0,3,0
170,5,0,22,0,65,0,55,0,34,0
171,4,0,4,0,7,0,24,0,52,0
172,4,0,5,0,40,0,79,0,51,0
173,55,0,1,0,3,0,2,0,2,0
174,5,2,4,2,4,2,5,2,4,2
175,4,0,3,0,3,0,3,0,3,0
176,3,0,3,0,3,0,3,0,3,0
177,10,0,11,0,10,0,12,0,12,0
178,0,0,0,0,1,0,0,0,0,0
179,2,0,2,0,2,0,2,0,2,0
180,18,0,23,0,19,0,16,0,14,0
181,5,0,5,0,17,0,80,0,36,0
182,5,0,5,0,44,0,61,0,42,0
183,13,0,15,0,13,0,12,0,12,0
184,0,0,0,0,0,0,1,0,1,0
185,0,0,0,0,0,0,0,0,0,0
186,4,0,4,0,4,0,4,0,4,0
187,17,0,17,0,16,0,24,0,17,0
188,4,0,4,0,4,0,4,0,4,0
189,4,23,4,23,4,23,4,23,4,23
190,23,5,22,5,25,5,16,5,16,5
191,78,0,40,0,40,0,2,0,2,0
192,0,0,0,0,0,0,0,0,0,0
193,82,0,46,0,52,0,2,0,4,0
194,2,0,2,0,2,0,2,0,2,0
195,34,0,34,0,35,0,35,0,35,0
196,23,0,9,0,3,0,3,0,3,0
197,6,0,16,0,36,0,41,0,30,0
198,3,0,3,0,3,0,3,0,3,0
199,8,0,27,0,30,0,32,0,24,0
200,31,0,9,0,7,0,5,0,4,0
201,3,0,3,0,3,0,5,0,35,0
202,4,0,4,0,4,0,4,0,4,0
203,17,0,10,0,3,0,3,0,2,0
204,19,40,17,40,15,40,15,40,14,40
205,65,0,47,0,48,0,55,0,67,0
206,0,0,0,0,0,0,0,0,0,0
207,5,0,5,0,5,0,6,0,6,0
208,2,0,2,0,2,0,2,0,2,0
209,4,0,4,0,4,0,4,0,4,0
210,16,0,36,0,29,0,24,0,15,0
211,4,0,4,0,4,0,4,0,4,0
212,87,0,43,0,65,0,3,0,2,0
213,3,0,3,0,3,0,3,0,3,0
214,10,0,19,0,36,0,33,0,18,0
215,4,0,4,0,4,0,4,0,4,0
216,29,0,17,0,15,0,14,0,57,0
217,38,0,38,0,4,0,3,0,3,0
218,4,0,4,0,4,0,4,0,4,0
219,14,0,22,0,15,0,12,0,12,0
220,96,0,99,0,84,0,94,0,89,0
221,13,0,9,0,9,0,10,0,9,0
222,62,0,54,0,14,0,5,0,5,0
223,3,0,3,0,4,0,31,0,90,0
224,24,0,34,0,15,0,16,0,17,0
225,3,0,3,0,3,0,3,0,3,0
226,3,0,3,0,3,0,2,0,3,0
227,35,0,19,0,16,0,15,0,46,0
228,68,0,69,0,60,0,58,0,62,0
229,3,0,3,0,3,0,3,0,3,0
230,0,0,0,0,1,0,0,0,0,0
231,4,0,4,0,4,0,4,0,4,0
232,4,0,3,0,3,0,4,0,4,0
233,8,0,9,0,10,0,12,0,19,0
234,41,0,10,0,4,0,2,0,3,0
235,8,27,24,27,35,27,31,27,19,27
236,4,0,4,0,5,0,19,0,67,0
237,7,0,14,0,32,0,18,0,16,0
238,9,0,14,0,26,0,23,0,25,0
239,3,0,2,0,3,0,26,0,76,0
240,4,0,3,0,3,0,3,0,3,0
241,32,0,49,0,65,0,38,0,33,0
242,4,0,4,0,2,0,2,0,2,0
243,5,0,13,0,76,0,62,0,39,0
244,3,0,3,0,2,0,9,0,35,0
245,84,0,59,0,57,0,12,0,2,0
246,3,0,4,0,4,0,4,0,4,0
247,35,0,17,0,34,0,15,0,26,0
248,65,0,58,0,45,0,50,0,43,0
249,48,0,27,0,31,0,36,0,34,0
250,78,0,30,0,27,0,32,0,39,0
251,3,0,3,0,3,0,6,0,10,0
252,4,0,4,0,4,0,4,0,4,0
253,32,0,12,0,9,0,11,0,13,0
254,100,200,100,200,100,200,100,200,100,200
255,4,0,4,0,4,0,4,0,4,0
256,84,0,50,0,47,0,5,0,2,0
257,73,0,51,0,46,0,8,0,4,0
258,0,0,0,0,0,0,0,0,0,0
259,4,0,4,0,4,0,4,0,4,0
260,14,0,14,0,38,0,75,0,32,0
261,4,0,4,0,4,0,4,0,4,0
262,23,0,65,0,50,0,32,0,26,0
263,4,0,3,0,4,0,7,0,24,0
264,12,0,15,0,19,0,14,0,7,0
265,2,0,3,0,7,0,12,0,16,0
266,4,3,4,3,4,3,4,3,4,3
267,7,0,6,0,6,0,6,0,6,0
268,0,0,0,0,0,0,0,0,0,0
269,28,0,32,0,31,0,36,0,32,0
270,4,0,4,0,4,0,4,0,4,0
271,0,0,0,0,2,0,2,0,1,0
272,18,0,62,0,43,0,25,0,11,0
273,0,0,0,0,0,0,0,0,0,0
274,4,0,4,0,5,0,7,0,10,0
275,5,0,6,0,7,0,9,0,25,0
276,12,0,13,0,14,0,15,0,13,0
277,69,0,44,0,34,0,26,0,41,0
278,47,0,43,0,7,0,3,0,2,0
279,6,0,13,0,49,0,36,0,25,0
280,51,0,38,0,4,0,3,0,3,0
281,89,0,94,0,84,0,77,0,43,0
282,13,0,9,0,8,0,10,0,12,0
283,4,0,3,0,3,0,2,0,4,0
284,4,0,6,0,49,0,77,0,52,0
285,66,0,32,0,26,0,31,0,40,0
286,58,0,38,0,27,0,23,0,16,0
287,4,0,3,0,3,0,3,0,4,0
288,37,0,4,0,4,0,3,0,3,0
289,4,0,4,0,4,0,4,0,4,0
290,54,0,24,0,4,0,3,0,4,0
291,4,0,4,0,4,0,4,0,4,0
292,2,0,2,0,2,0,2,0,2,0
293,3,0,3,0,3,0,3,0,3,0
294,87,0,77,0,56,0,27,0,3,0
295,4,0,7,0,45,0,71,0,55,0
296,3,0,1,0,12,0,23,0,47,0
297,4,0,4,0,5,0,16,0,49,0
298,3,0,3,0,3,0,10,0,52,0
299,1,4,0,4,0,4,0,4,1,4
300,18,0,18,0,13,0,10,0,11,0
301,42,0,7,0,3,0,3,0,2,0
302,2,0,4,0,5,0,23,0,81,0
303,10,0,11,0,14,0,10,0,16,0
304,2,0,2,0,2,0,2,0,2,0
305,17,0,83,0,73,0,49,0,33,0
306,15,0,13,0,8,0,5,0,5,0
307,4,0,6,0,11,0,27,0,39,0
308,4,0,4,0,4,0,3,0,3,0
309,4,0,13,0,64,0,61,0,42,0
310,3,0,3,0,55,0,86,0,59,0
311,14,0,62,0,52,0,33,0,15,0
312,3,0,2,0,10,0,19,0,55,0
313,3,0,8,0,56,0,59,0,36,0
314,23,0,13,0,9,0,5,0,5,0
315,4,0,4,0,4,0,4,0,4,0
316,2,0,2,0,2,0,2,0,2,0
317,3,0,3,0,3,0,3,0,3,0
318,79,0,46,0,44,0,6,0,3,0
319,3,0,3,0,8,0,68,0,71,0
320,4,2,4,2,4,2,4,2,4,2
321,19,0,63,0,57,0,43,0,26,0
322,4,0,3,0,3,0,3,0,3,0
323,2,0,2,0,2,0,2,0,2,0
324,0,0,0,0,0,0,0,0,0,0
325,3,0,2,0,12,0,42,0,48,0
326,3,0,3,0,3,0,3,0,3,0
327,2,0,2,0,2,0,2,0,2,0
328,62,0,4,0,3,0,3,0,3,0
329,4,0,4,0,4,0,4,0,4,0
330,6,0,4,0,3,0,3,0,5,0
331,4,0,4,0,30,0,71,0,50,0
332,22,0,5,0,11,0,14,0,13,0
333,6,0,10,0,46,0,60,0,47,0
334,38,0,57,0,3,0,3,0,3,0
335,4,0,4,0,4,0,4,0,4,0
336,0,0,0,0,0,0,0,0,0,0
337,3,0,4,0,3,0,3,0,6,0
338,3,0,3,0,3,0,3,0,3,0
339,4,0,3,0,3,0,3,0,3,0
340,4,1,4,1,4,1,4,1,4,1
341,78,0,67,0,43,0,17,0,2,0
342,18,0,56,0,26,0,14,0,15,0
343,81,0,34,0,27,0,29,0,33,0
344,44,0,47,0,4,0,3,0,3,0
345,8,0,8,0,9,0,11,0,12,0
346,11,0,10,0,9,0,10,0,11,0
347,44,0,42,0,26,0,36,0,18,0
348,80,0,44,0,41,0,45,0,51,0
349,28,0,78,0,69,0,46,0,34,0
350,10,0,9,0,7,0,9,0,8,0
351,52,0,51,0,9,0,2,0,2,0
352,25,0,74,0,63,0,41,0,27,0
353,0,0,0,0,0,0,0,0,0,0
354,0,0,0,0,1,0,1,0,0,0
355,66,0,64,0,58,0,69,0,70,0
356,28,0,44,0,43,0,36,0,40,0
357,76,0,44,0,40,0,7,0,3,0
358,17,0,26,0,41,0,34,0,29,0
359,29,0,28,0,26,0,25,0,25,0
360,16,0,27,0,25,0,18,0,15,0
361,29,0,9,0,15,0,17,0,17,0
362,31,0,11,0,5,0,4,0,23,0
363,0,137,0,137,0,137,1,137,0,137
364,36,0,32,0,35,0,47,0,46,0
365,4,2,4,2,4,2,4,2,4,2
366,24,0,29,0,25,0,18,0,13,0
367,3,0,3,0,5,0,14,0,75,0
368,4,2,4,2,4,2,4,2,4,2
369,26,0,39,0,22,0,16,0,13,0
370,4,0,4,0,4,0,4,0,4,0
371,15,0,54,0,50,0,33,0,30,0
372,4,0,4,0,3,0,4,0,5,0
373,4,0,4,0,16,0,60,0,54,0
374,8,0,17,0,38,0,29,0,14,0
375,4,0,3,0,6,0,13,0,59,0
376,59,0,64,0,62,0,68,0,71,0
377,22,0,44,0,36,0,23,0,14,0
378,4,0,4,0,3,0,3,0,4,0
379,76,0,41,0,52,0,18,0,13,0
380,4,0,4,0,4,0,4,0,4,0
381,1,0,0,0,0,0,0,0,0,0
382,11,0,11,0,11,0,11,0,12,0
383,48,0,60,0,8,0,3,0,2,0
384,10,0,50,0,48,0,32,0,15,0
385,7,0,8,0,9,0,16,0,15,0
386,32,0,33,0,17,0,14,0,11,0
387,24,0,40,0,32,0,24,0,25,0
388,3,0,4,0,16,0,54,0,46,0
389,15,0,4,0,3,0,3,0,3,0
390,62,0,56,0,46,0,37,0,9,0
391,2,0,4,0,2,0,2,0,2,0
392,2,0,5,0,6,0,46,0,74,0
393,1,0,1,0,1,0,1,0,1,0
394,17,0,16,0,37,0,63,0,25,0
395,2,0,2,0,2,0,2,0,2,0
396,37,0,10,0,3,0,2,0,3,0
397,4,0,4,0,5,0,6,0,11,0
398,42,0,37,0,46,0,36,0,50,0
399,11,0,11,0,11,0,12,0,11,0
400,42,0,34,0,16,0,28,0,42,0
401,31,0,32,0,41,0,40,0,36,0
402,0,0,0,0,0,0,0,0,0,0
403,4,1,4,1,4,1,4,1,4,1
404,2,0,2,0,2,0,2,0,2,0
405,2,0,2,0,2,0,2,0,2,0
406,2,0,2,0,2,0,2,0,2,0
407,45,0,65,0,17,0,7,0,3,0
408,2,0,2,0,2,0,2,0,2,0
409,4,0,17,0,83,0,67,0,42,0
410,33,0,32,0,35,0,35,0,35,0
411,2,0,2,0,2,0,2,0,2,0
412,0,0,0,0,0,0,1,0,0,0
413,2,0,4,0,3,0,4,0,8,0
414,30,0,13,0,10,0,9,0,9,0
415,62,0,64,0,68,0,69,0,70,0
416,3,0,3,0,3,0,4,0,4,0
417,10,0,11,0,10,0,9,0,10,0
418,0,0,0,0,0,0,0,0,0,0
419,4,3,4,3,4,3,4,3,5,3
420,4,0,3,0,3,0,3,0,4,0
421,4,0,3,0,4,0,8,0,15,0
422,6,0,8,0,14,0,19,0,23,0
423,6,0,10,0,11,0,10,0,11,0
424,4,0,4,0,4,0,4,0,4,0
425,64,0,27,0,40,0,38,0,34,0
426,52,0,19,0,5,0,3,0,3,0
427,5,0,5,0,6,0,7,0,10,0
428,38,0,34,0,45,0,45,0,42,0
429,46,0,40,0,32,0,19,0,24,0
430,22,0,13,0,10,0,5,0,5,0
431,11,0,24,0,44,0,41,0,36,0
432,18,0,13,0,14,0,16,0,14,0
433,4,0,4,0,4,0,4,0,4,0
434,2,0,3,0,7,0,46,0,88,0
435,15,0,6,0,3,0,2,0,3,0
436,9,0,16,0,16,0,12,0,11,0
437,4,0,6,0,13,0,41,0,15,0
438,63,0,39,0,39,0,14,0,14,0
439,10,0,14,0,15,0,12,0,12,0
440,3,0,3,0,3,0,3,0,3,0
441,4,0,7,0,12,0,57,0,52,0
442,26,0,32,0,34,0,26,0,31,0
443,3,0,3,0,3,0,3,0,3,0
444,11,0,16,0,12,0,8,0,8,0
445,24,0,24,0,27,0,28,0,29,0
446,5,0,15,0,85,0,72,0,47,0
447,35,0,14,0,9,0,7,0,5,0
448,26,0,12,0,8,0,7,0,9,0
449,4,3,4,3,4,3,4,3,4,3
450,3,0,4,0,25,0,84,0,76,0
451,0,0,0,0,0,0,0,0,0,0
452,7,0,12,0,19,0,54,0,42,0
453,74,0,52,0,30,0,4,0,3,0
454,4,0,3,0,5,0,35,0,79,0
455,80,0,39,0,31,0,28,0,29,0
456,0,0,0,0,0,0,0,0,0,0
457,54,0,54,0,9,0,4,0,3,0
458,6,0,8,0,9,0,14,0,15,0
459,3,0,5,0,14,0,54,0,42,0
460,58,0,62,0,68,0,69,0,70,0
461,59,0,47,0,15,0,10,0,5,0
462,0,1,0,1,0,1,1,1,1,1
463,3,0,2,0,6,0,29,0,78,0
464,38,0,44,0,46,0,38,0,33,0
465,28,0,13,0,9,0,7,0,8,0
466,4,0,4,0,4,0,4,0,4,0
467,76,0,53,0,43,0,45,0,42,0
468,7,0,6,0,6,0,9,0,19,0
469,4,0,4,0,3,0,4,0,4,0
470,4,1,4,1,4,1,4,1,4,1
471,3,0,3,0,3,0,4,0,7,0
472,3,0,12,0,64,0,77,0,43,0
473,19,0,14,0,14,0,12,0,15,0
474,4,0,3,0,3,0,3,0,3,0
475,50,0,27,0,30,0,31,0,30,0
476,77,0,57,0,37,0,29,0,42,0
477,22,11,22,11,19,11,19,11,15,11
478,78,0,43,0,48,0,4,0,3,0
479,30,0,23,0,34,0,31,0,32,0
480,23,0,34,0,24,0,16,0,13,0
481,18,0,47,0,40,0,32,0,17,0
482,34,0,42,0,28,0,40,0,24,0
483,4,0,4,0,4,0,4,0,4,0
484,4,0,3,0,3,0,3,0,4,0
485,3,0,3,0,5,0,12,0,81,0
486,5,0,4,0,4,0,4,0,4,0
487,8,0,5,0,5,0,4,0,5,0
488,75,0,54,0,27,0,2,0,3,0
489,2,0,2,0,2,0,2,0,2,0
490,62,0,52,0,40,0,27,0,10,0
491,19,0,18,0,22,0,16,0,16,0
492,3,0,4,0,13,0,78,0,67,0
493,51,0,5,0,3,0,3,0,6,0
494,23,0,2,0,3,0,2,0,2,0
495,38,0,19,0,15,0,18,0,26,0
496,50,0,49,0,52,0,55,0,56,0
497,3,0,3,0,3,0,3,0,3,0
498,5,17,7,17,7,17,6,17,4,17
499,6,0,5,0,5,0,4,0,4,0
500,1,0,1,0,1,0,1,0,1,0
501,4,0,4,0,4,0,4,0,4,0
502,33,0,52,0,68,0,35,0,33,0
503,2,0,2,0,2,0,2,0,2,0
504,45,0,36,0,19,0,5,0,3,0
505,5,0,3,0,5,0,4,0,7,0
506,0,0,0,0,0,0,0,0,0,0
507,4,3,4,3,4,3,4,3,4,3
508,26,0,62,0,47,0,33,0,18,0
509,4,0,4,0,4,0,4,0,4,0
510,30,0,11,0,8,0,8,0,6,0
511,14,6,36,6,27,6,12,6,5,6
512,3,0,3,0,3,0,3,0,3,0
513,80,0,43,0,41,0,2,0,2,0
514,5,0,13,0,64,0,55,0,30,0
515,6,0,6,0,7,0,9,0,14,0
516,17,0,13,0,14,0,18,0,19,0
517,29,0,26,0,24,0,26,0,24,0
518,13,0,11,0,13,0,13,0,13,0
519,3,0,3,0,4,0,4,0,3,0
520,84,0,54,0,32,0,19,0,32,0
521,4,0,4,0,4,0,4,0,4,0
522,56,0,17,0,6,0,3,0,3,0
523,35,0,79,0,58,0,49,0,18,0
524,4,0,4,0,3,0,4,0,4,0
525,66,0,44,0,11,0,2,0,3,0
526,69,0,67,0,52,0,64,0,64,0
527,12,0,48,0,48,0,34,0,30,0
528,51,0,62,0,5,0,3,0,2,0
529,3,0,3,0,3,0,3,0,3,0
530,8,198,10,198,10,198,11,198,12,198
531,9,0,16,0,54,0,58,0,41,0
532,4,0,3,0,7,0,19,0,54,0
533,4,0,4,0,4,0,4,0,4,0
534,4,0,4,0,4,0,4,0,4,0
535,13,0,7,0,3,0,2,0,2,0
536,2,0,3,0,4,0,44,0,83,0
537,17,0,28,0,35,0,28,0,30,0
538,3,0,3,0,3,0,3,0,3,0
539,0,0,0,0,0,0,0,0,0,0
540,26,0,23,0,19,0,25,0,16,0
541,5,0,9,0,22,0,51,0,34,0
542,3,0,6,0,14,0,68,0,49,0
543,14,0,18,0,27,0,64,0,43,0
544,4,0,4,0,4,0,4,0,4,0
545,63,0,68,0,68,0,60,0,64,0
546,3,0,2,0,3,0,25,0,84,0
547,11,0,12,0,49,0,60,0,31,0
548,100,198,100,198,100,198,100,198,100,198
549,67,0,71,0,67,0,45,0,62,0
550,23,0,24,0,25,0,18,0,17,0
551,11,0,3,0,3,0,3,0,7,0
552,68,0,69,0,60,0,60,0,63,0
553,4,0,4,0,5,0,6,0,10,0
554,52,0,59,0,41,0,32,0,8,0
555,86,0,54,0,22,0,25,0,36,0
556,5,0,9,0,54,0,58,0,39,0
557,4,0,3,0,6,0,25,0,71,0
558,42,0,37,0,22,0,24,0,35,0
559,3,0,2,0,3,0,16,0,50,0
560,6,0,8,0,12,0,17,0,14,0
561,5,0,5,0,5,0,5,0,5,0
562,6,0,3,0,4,0,7,0,41,0
563,4,0,4,0,4,0,4,0,4,0
564,0,0,0,0,0,0,0,0,0,0
565,16,0,74,0,53,0,43,0,17,0
566,43,0,41,0,16,0,13,0,19,0
567,4,0,14,0,50,0,27,0,17,0
568,4,0,11,0,15,0,32,0,27,0
569,4,0,4,0,4,0,4,0,4,0
570,4,0,4,0,4,0,4,0,4,0
571,19,0,72,0,52,0,32,0,25,0
572,19,0,11,0,3,0,3,0,3,0
573,4,0,4,0,4,0,13,0,54,0
574,29,0,10,0,8,0,7,0,9,0
575,52,0,2,0,3,0,2,0,2,0
576,4,0,4,0,4,0,4,0,4,0
577,10,0,3,0,4,0,2,0,3,0
578,24,0,29,0,56,0,36,0,41,0
579,36,0,26,0,25,0,29,0,24,0
580,4,0,3,0,3,0,3,0,4,0
581,38,0,49,0,46,0,42,0,38,0
582,41,0,41,0,2,0,3,0,3,0
583,68,0,39,0,17,0,5,0,3,0
584,76,0,43,0,39,0,3,0,3,0
585,33,0,40,0,32,0,43,0,62,0
586,4,0,4,0,4,0,4,0,4,0
587,4,0,4,0,4,0,4,0,4,0
588,0,0,0,0,0,0,0,0,0,0
589,3,0,10,0,28,0,26,0,15,0
590,4,0,4,0,4,0,6,0,10,0
591,4,0,4,0,3,0,4,0,4,0
592,14,1,9,1,10,1,11,1,11,1
593,8,1,13,1,27,1,33,1,24,1
594,35,0,31,0,30,0,37,0,38,0
595,65,0,68,0,65,0,57,0,63,0
596,4,0,4,0,3,0,3,0,3,0
597,0,0,0,0,0,0,0,0,0,0
598,79,0,82,0,34,0,54,0,2,0
599,3,0,6,0,29,0,82,0,59,0
600,0,0,0,0,0,0,0,0,0,0
601,4,0,4,0,4,0,4,0,4,0
602,84,0,74,0,49,0,28,0,4,0
603,2,0,2,0,2,0,2,0,2,0
604,64,0,41,0,24,0,6,0,3,0
605,56,0,31,0,40,0,36,0,41,0
606,56,0,38,0,25,0,29,0,32,0
607,4,0,4,0,4,0,4,0,4,0
608,4,0,3,0,6,0,3,0,4,0
609,24,0,30,0,38,0,41,0,41,0
610,10,0,12,0,11,0,13,0,10,0
611,4,0,4,0,4,0,4,0,4,0
612,18,0,14,0,15,0,16,0,19,0
613,2,0,2,0,2,0,2,0,2,0
614,32,0,30,0,44,0,43,0,30,0
615,19,0,24,0,25,0,28,0,38,0
616,61,0,12,0,3,0,3,0,3,0
617,2,0,2,0,2,0,2,0,2,0
618,4,0,4,0,4,0,4,0,4,0
619,30,0,52,0,40,0,31,0,17,0
620,62,0,57,0,18,0,5,0,2,0
621,7,0,8,0,9,0,13,0,24,0
622,5,0,8,0,19,0,35,0,23,0
623,18,0,22,0,24,0,17,0,25,0
624,22,0,57,0,47,0,34,0,25,0
625,0,0,0,0,0,0,0,0,0,0
626,1,1,0,1,0,1,0,1,0,1
627,3,0,3,0,3,0,3,0,3,0
628,4,0,4,0,4,0,4,0,4,0
629,10,0,5,0,5,0,4,0,4,0
630,10,0,10,0,12,0,13,0,15,0
631,0,0,0,0,1,0,1,0,0,0
632,4,0,4,0,4,0,4,0,4,0
633,63,0,33,0,31,0,28,0,30,0
634,56,0,59,0,22,0,27,0,36,0
635,51,0,23,0,26,0,17,0,26,0
636,4,0,4,0,4,0,4,0,4,0
637,3,0,6,0,11,0,9,0,9,0
638,79,0,39,0,27,0,28,0,31,0
639,3,0,3,0,2,0,3,0,8,0
640,51,0,30,0,34,0,42,0,56,0
641,50,0,43,0,34,0,38,0,30,0
642,47,0,58,0,62,0,67,0,71,0
643,26,0,12,0,8,0,5,0,6,0
644,7,42,8,42,7,42,10,42,11,42
645,3,0,4,0,4,0,5,0,5,0
646,1,0,1,0,1,0,1,0,1,0
647,13,0,16,0,26,0,66,0,51,0
648,32,0,19,0,12,0,13,0,32,0
649,3,0,5,0,4,0,14,0,48,0
650,42,0,29,0,25,0,27,0,39,0
651,90,0,96,0,84,0,98,0,88,0
652,4,0,4,0,5,0,53,0,71,0
653,4,0,3,0,3,0,4,0,4,0
654,0,0,0,0,0,0,0,0,0,0
655,50,0,54,0,4,0,2,0,3,0
656,6,0,5,0,3,0,3,0,3,0
657,5,2,4,2,4,2,4,2,4,2
658,8,0,29,0,49,0,37,0,30,0
659,3,0,3,0,4,0,5,0,6,0
660,22,0,5,0,3,0,3,0,3,0
661,3,0,3,0,3,0,4,0,3,0
662,9,0,11,0,9,0,9,0,10,0
663,19,0,32,0,19,0,15,0,15,0
664,70,0,36,0,24,0,32,0,40,0
665,84,0,77,0,49,0,52,0,50,0
666,36,0,12,0,4,0,3,0,2,0
667,19,0,71,0,55,0,31,0,29,0
668,38,0,2,0,3,0,2,0,2,0
669,1,0,1,0,1,0,1,0,1,0
670,4,0,3,0,7,0,47,0,76,0
671,17,0,19,0,15,0,18,0,30,0
672,0,0,0,0,0,0,0,0,3,0
673,74,0,53,0,32,0,5,0,3,0
674,4,0,4,0,3,0,3,0,3,0
675,3,0,3,0,3,0,2,0,3,0
676,4,0,23,0,85,0,69,0,46,0
677,3,0,3,0,5,0,5,0,5,0
678,10,0,3,0,3,0,3,0,6,0
679,4,0,4,0,4,0,4,0,4,0
680,3,0,4,0,6,0,25,0,47,0
681,16,0,50,0,29,0,25,0,15,0
682,2,0,2,0,2,0,2,0,2,0
683,4,0,4,0,6,0,23,0,38,0
684,3,0,2,0,32,0,97,0,64,0
685,16,0,22,0,22,0,24,0,15,0
686,38,0,10,0,9,0,10,0,9,0
687,12,0,10,0,11,0,9,0,10,0
688,78,1,48,1,14,1,6,1,1,1
689,16,0,22,0,19,0,35,0,27,0
690,3,0,3,0,7,0,33,0,59,0
691,48,0,14,0,8,0,7,0,6,0
692,82,0,58,0,53,0,7,0,2,0
693,10,0,13,0,11,0,10,0,9,0
694,10,0,14,0,17,0,14,0,14,0
695,73,0,53,0,40,0,31,0,43,0
696,0,0,0,0,0,0,0,0,0,0
697,4,0,12,0,19,0,14,0,11,0
698,12,0,16,0,22,0,58,0,42,0
699,4,0,5,0,5,0,6,0,6,0
700,3,2,3,2,3,2,4,2,4,2
701,8,0,7,0,7,0,7,0,9,0
702,50,0,41,0,50,0,38,0,44,0
703,5,0,4,0,7,0,26,0,52,0
704,57,0,64,0,38,0,29,0,6,0
705,1,0,2,0,7,0,15,0,23,0
706,87,0,58,0,30,0,19,0,36,0
707,88,0,87,0,87,0,88,0,85,0
708,3,0,3,0,3,0,3,0,3,0
709,52,0,24,0,6,0,4,0,3,0
710,3,0,14,0,69,0,62,0,40,0
711,17,0,85,0,80,0,41,0,44,0
712,4,0,4,0,4,0,4,0,4,0
713,17,0,16,0,12,0,12,0,11,0
714,54,0,17,0,39,0,37,0,51,0
715,0,0,0,0,0,0,0,0,0,0
716,2,0,2,0,2,0,2,0,2,0
717,3,0,3,0,12,0,47,0,65,0
718,2,0,3,0,2,0,34,0,90,0
719,3,0,3,0,3,0,3,0,3,0
720,4,0,3,0,3,0,3,0,3,0
721,2,0,4,0,8,0,36,0,43,0
722,22,0,7,0,3,0,2,0,2,0
723,30,0,11,0,8,0,7,0,8,0
724,3,0,4,0,18,0,71,0,56,0
725,11,0,13,0,12,0,23,0,35,0
726,3,0,3,0,3,0,8,0,41,0
727,44,0,64,0,50,0,46,0,17,0
728,46,0,51,0,41,0,42,0,55,0
729,6,0,5,0,3,0,2,0,3,0
730,18,0,19,0,11,0,10,0,9,0
731,4,0,5,0,5,0,7,0,8,0
732,45,0,16,0,24,0,33,0,35,0
733,4,0,4,0,4,0,4,0,4,0
734,14,0,12,0,11,0,8,0,5,0
735,14,0,12,0,26,0,28,0,32,0
736,5,0,26,0,83,0,62,0,39,0
737,90,0,69,0,52,0,15,0,2,0
738,0,0,0,0,0,0,1,0,0,0
739,4,0,4,0,4,0,4,0,4,0
740,67,0,65,0,59,0,66,0,66,0
741,3,0,3,0,3,0,3,0,3,0
742,9,0,10,0,10,0,9,0,10,0
743,5,0,11,0,39,0,66,0,44,0
744,0,0,0,0,0,0,0,0,0,0
745,4,0,4,0,8,0,19,0,32,0
746,17,0,37,0,58,0,32,0,27,0
747,8,0,10,0,11,0,11,0,10,0
748,25,0,36,0,39,0,27,0,42,0
749,51,0,30,0,6,0,3,0,3,0
750,1,0,1,0,1,0,1,0,1,0
751,1,0,1,0,1,0,1,0,1,0
752,0,0,0,0,0,0,0,0,0,0
753,15,0,14,0,9,0,24,0,17,0
754,6,0,24,0,81,0,62,0,48,0
755,40,0,57,0,5,0,4,0,2,0
756,4,0,6,0,7,0,18,0,49,0
757,4,0,3,0,3,0,4,0,30,0
758,4,0,3,0,3,0,3,0,3,0
759,15,0,23,0,38,0,36,0,25,0
760,17,0,18,0,15,0,14,0,14,0
761,33,0,27,0,17,0,11,0,9,0
762,61,0,42,0,55,0,44,0,41,0
763,5,0,7,0,29,0,57,0,33,0
764,5,0,9,0,19,0,50,0,27,0
765,53,0,3,0,3,0,2,0,2,0
766,53,0,3,0,0,0,0,0,0,0
767,18,0,16,0,12,0,27,0,67,0
768,38,0,60,0,2,0,4,0,2,0
769,10,0,12,0,15,0,15,0,8,0
770,8,0,14,0,12,0,10,0,8,0
771,9,0,9,0,28,0,40,0,30,0
772,28,0,27,0,14,0,14,0,15,0
773,8,0,9,0,7,0,5,0,4,0
774,4,0,7,0,39,0,68,0,50,0
775,57,0,49,0,54,0,37,0,26,0
776,6,0,3,0,4,0,3,0,4,0
777,4,0,4,0,4,0,4,0,4,0
778,53,0,49,0,9,0,2,0,2,0
779,15,0,42,0,46,0,34,0,29,0
780,0,0,0,0,0,0,0,0,0,0
781,79,0,56,0,50,0,9,0,1,0
782,23,0,16,0,22,0,18,0,41,0
783,4,0,8,0,37,0,59,0,39,0
784,4,0,4,0,4,0,4,0,4,0
785,4,0,3,0,3,0,3,0,3,0
786,3,0,3,0,4,0,23,0,73,0
787,24,0,26,0,24,0,24,0,26,0
788,18,0,19,0,12,0,12,0,12,0
789,43,0,47,0,31,0,27,0,8,0
790,19,0,71,0,55,0,36,0,25,0
791,36,0,27,0,37,0,41,0,38,0
792,0,0,0,0,0,0,0,0,0,0
793,0,0,0,0,2,0,2,0,1,0
794,4,0,4,0,4,0,4,0,4,0
795,4,0,4,0,4,0,4,0,4,0
796,29,0,43,0,52,0,34,0,60,0
797,4,0,4,0,4,0,4,0,4,0
798,100,11,90,11,87,11,89,11,83,11
799,3,0,5,0,17,0,86,0,74,0
800,4,0,4,0,4,0,4,0,4,0
801,22,0,27,0,39,0,42,0,41,0
802,19,0,16,0,18,0,41,0,60,0
803,75,0,32,0,43,0,24,0,34,0
804,4,0,4,0,4,0,4,0,4,0
805,62,0,30,0,25,0,32,0,40,0
806,16,0,24,0,16,0,16,0,19,0
807,0,0,0,0,0,0,0,0,0,0
808,3,0,4,0,4,0,4,0,4,0
809,6,0,3,0,4,0,2,0,5,0
810,4,0,4,0,4,0,4,0,4,0
811,34,0,17,0,11,0,8,0,6,0
812,3,0,4,0,3,0,8,0,40,0
813,4,0,4,0,4,0,4,0,4,0
814,86,0,48,0,60,0,4,0,2,0
815,3,0,3,0,3,0,3,0,3,0
816,13,0,87,0,85,0,47,0,63,0
817,10,200,8,200,5,200,4,200,4,200
818,1,0,1,0,1,0,1,0,2,0
819,0,0,0,0,0,0,0,0,0,0
820,4,0,4,0,4,0,4,0,4,0
821,6,0,9,0,18,0,28,0,19,0
822,14,0,85,0,71,0,43,0,25,0
823,9,0,23,0,60,0,49,0,33,0
824,31,0,16,0,17,0,16,0,13,0
825,3,0,3,0,5,0,10,0,67,0
826,41,0,57,0,45,0,37,0,15,0
827,24,0,43,0,56,0,33,0,44,0
828,4,0,5,0,6,0,8,0,11,0
829,2,0,2,0,2,0,2,0,2,0
830,53,0,36,0,8,0,4,0,3,0
831,18,0,69,0,56,0,41,0,30,0
832,14,0,11,0,13,0,15,0,15,0
833,45,0,61,0,7,0,3,0,2,0
834,59,0,6,0,3,0,3,0,3,0
835,9,0,8,0,8,0,16,0,15,0
836,0,0,0,0,0,0,0,0,0,0
837,14,0,6,0,9,0,9,0,10,0
838,8,0,6,0,4,0,5,0,5,0
839,4,0,4,0,4,0,4,0,4,0
840,19,0,26,0,17,0,15,0,24,0
841,87,0,51,0,68,0,8,0,3,0
842,4,0,3,0,3,0,3,0,3,0
843,12,0,62,0,65,0,46,0,32,0
844,4,2,4,2,3,2,4,2,4,2
845,3,3,2,3,2,3,2,3,1,3
846,37,0,24,0,34,0,33,0,41,0
847,11,0,12,0,11,0,9,0,8,0
848,3,0,6,0,8,0,38,0,54,0
849,33,0,83,0,74,0,50,0,38,0
850,68,0,44,0,32,0,3,0,3,0
851,76,0,34,0,29,0,24,0,17,0
852,24,0,16,0,17,0,16,0,18,0
853,62,0,24,0,36,0,40,0,42,0
854,3,0,4,0,8,0,27,0,64,0
855,79,0,53,0,56,0,5,0,3,0
856,29,0,73,0,59,0,43,0,24,0
857,4,0,4,0,4,0,4,0,4,0
858,4,0,3,0,3,0,4,0,23,0
859,86,0,88,0,44,0,66,0,3,0
860,4,1,4,1,4,1,4,1,4,1
861,29,0,14,0,16,0,17,0,18,0
862,0,0,0,0,0,0,0,0,0,0
863,14,23,13,23,11,23,12,23,11,23
864,2,0,4,0,2,0,4,0,5,0
865,40,0,39,0,43,0,42,0,38,0
866,44,0,57,0,3,0,2,0,2,0
867,0,0,0,0,1,0,1,0,1,0
868,4,0,4,0,4,0,4,0,4,0
869,38,0,88,0,77,0,46,0,39,0
870,33,0,36,0,41,0,49,0,42,0
871,50,0,10,0,9,0,12,0,33,0
872,67,0,69,0,68,0,57,0,62,0
873,4,0,5,0,37,0,79,0,58,0
874,13,0,3,0,3,0,2,0,3,0
875,56,0,15,0,9,0,9,0,23,0
876,22,0,9,0,10,0,26,0,54,0
877,4,2,3,2,3,2,4,2,4,2
878,3,0,3,0,3,0,3,0,3,0
879,32,0,64,0,47,0,36,0,24,0
880,2,0,2,0,2,0,2,0,2,0
881,29,0,79,0,65,0,45,0,31,0
882,15,0,11,0,14,0,66,0,51,0
883,15,0,5,0,3,0,3,0,2,0
884,4,0,4,0,4,0,4,0,4,0
885,4,0,3,0,3,0,3,0,4,0
886,7,0,5,0,4,0,5,0,5,0
887,7,0,8,0,12,0,54,0,48,0
888,8,0,3,0,3,0,3,0,5,0
889,4,0,4,0,4,0,4,0,4,0
890,3,0,3,0,3,0,4,0,4,0
891,3,0,3,0,3,0,3,0,3,0
892,2,0,2,0,2,0,2,0,2,0
893,0,0,0,0,0,0,0,0,0,0
894,9,0,19,0,10,0,10,0,9,0
895,7,11,7,11,10,11,10,11,10,11
896,53,0,36,0,22,0,5,0,3,0
897,22,0,41,0,48,0,31,0,41,0
898,4,0,3,0,4,0,4,0,4,0
899,29,0,8,0,4,0,3,0,3,0
900,87,0,80,0,49,0,25,0,34,0
901,73,0,38,0,38,0,2,0,3,0
902,53,0,15,0,6,0,5,0,3,0
903,3,0,3,0,4,0,11,0,65,0
904,36,0,13,0,15,0,16,0,19,0
905,35,0,24,0,28,0,36,0,41,0
906,40,0,30,0,14,0,2,0,1,0
907,4,0,5,0,9,0,27,0,35,0
908,4,0,4,0,4,0,4,0,4,0
909,4,0,4,0,4,0,4,0,4,0
910,58,0,68,0,41,0,40,0,13,0
911,75,0,58,0,40,0,10,0,2,0
912,4,0,3,0,3,0,3,0,4,0
913,61,0,36,0,32,0,7,0,6,0
914,14,0,19,0,16,0,12,0,12,0
915,30,0,13,0,3,0,3,0,2,0
916,2,0,4,0,4,0,12,0,47,0
917,3,0,1,0,4,0,2,0,6,0
918,3,0,3,0,3,0,3,0,4,0
919,3,0,3,0,4,0,4,0,4,0
920,14,0,14,0,14,0,38,0,73,0
921,38,0,33,0,4,0,3,0,2,0
922,3,0,3,0,3,0,19,0,73,0
923,9,0,15,0,69,0,61,0,43,0
924,4,0,4,0,4,0,4,0,4,0
925,25,59,27,59,29,59,27,59,18,59
926,2,0,2,0,2,0,2,0,2,0
927,6,0,2,0,2,0,3,0,3,0
928,4,0,4,0,5,0,6,0,10,0
929,0,0,0,0,0,0,0,0,0,0
930,7,0,4,0,3,0,3,0,8,0
931,17,0,15,0,27,0,14,0,18,0
932,4,0,4,0,4,0,4,0,4,0
933,2,0,2,0,1,0,1,0,1,0
934,5,20,5,20,5,20,5,20,4,20
935,6,0,9,0,17,0,26,0,23,0
936,4,0,4,0,6,0,25,0,59,0
937,2,0,2,0,2,0,2,0,2,0
938,2,0,2,0,2,0,2,0,1,0
939,5,0,4,0,6,0,6,0,17,0
940,2,0,2,0,2,0,3,0,6,0
941,5,0,12,0,35,0,24,0,12,0
942,58,0,33,0,32,0,34,0,34,0
943,56,0,30,0,34,0,37,0,33,0
944,55,0,36,0,24,0,26,0,34,0
945,0,0,0,0,0,0,0,0,0,0
946,53,0,40,0,14,0,3,0,3,0
947,0,0,0,0,1,0,0,0,0,0
948,29,0,47,0,69,0,38,0,39,0
949,2,0,5,0,32,0,87,0,48,0
950,15,0,4,0,2,0,3,0,3,0
951,19,0,85,0,68,0,52,0,25,0
952,47,0,57,0,8,0,5,0,2,0
953,4,1,4,1,3,1,4,1,4,1
954,54,0,39,0,44,0,40,0,63,0
955,70,0,58,0,62,0,62,0,65,0
956,16,0,27,0,38,0,31,0,24,0
957,3,0,3,0,3,0,4,0,5,0
958,16,0,86,0,77,0,44,0,35,0
959,19,0,74,0,48,0,35,0,16,0
960,5,0,5,0,7,0,7,0,8,0
961,78,0,38,0,50,0,2,0,4,0
962,8,7,10,7,11,7,10,7,10,7
963,5,0,5,0,5,0,7,0,9,0
964,3,0,3,0,4,0,3,0,3,0
965,4,0,4,0,3,0,3,0,3,0
966,4,0,4,0,4,0,4,0,4,0
967,14,0,15,0,17,0,16,0,17,0
968,66,0,49,0,16,0,3,0,3,0
969,7,124,8,124,12,124,15,124,15,124
970,0,0,0,0,0,0,0,0,0,0
971,54,0,40,0,3,0,3,0,2,0
972,32,0,44,0,46,0,49,0,44,0
973,5,0,5,0,5,0,7,0,9,0
974,77,0,50,0,43,0,8,0,3,0
975,25,0,79,0,65,0,49,0,26,0
976,6,0,11,0,59,0,80,0,51,0
977,1,198,1,198,1,198,1,198,1,198
978,4,0,3,0,3,0,3,0,3,0
979,86,0,42,0,60,0,5,0,3,0
980,57,0,17,0,30,0,18,0,16,0
981,23,0,27,0,16,0,13,0,14,0
982,3,0,3,0,3,0,3,0,3,0
983,4,0,4,0,6,0,12,0,39,0
984,5,0,7,0,31,0,81,0,23,0
985,4,0,3,0,7,0,8,0,24,0
986,4,0,4,0,4,0,4,0,4,0
987,0,0,1,0,1,0,2,0,4,0
988,5,0,4,0,4,0,4,0,4,0
989,3,0,2,0,7,0,31,0,80,0
990,88,0,87,0,87,0,85,0,89,0
991,4,0,4,0,15,0,58,0,48,0
992,0,0,0,0,0,0,0,0,0,0
993,3,0,3,0,6,0,44,0,82,0
994,7,0,10,0,13,0,14,0,15,0
995,61,0,69,0,69,0,67,0,57,0
996,0,0,0,0,0,0,0,0,0,0
997,1,0,2,0,6,0,15,0,23,0
998,4,0,4,0,3,0,3,0,4,0
999,55,0,5,0,2,0,3,0,3,0
1000,43,0,30,0,24,0,25,0,31,0
1001,36,0,69,0,47,0,40,0,15,0
1002,4,0,4,0,4,0,4,0,4,0
1003,4,0,6,0,8,0,14,0,25,0
1004,4,0,3,0,3,0,3,0,3,0
1005,4,0,4,0,4,0,4,0,4,0
1006,67,0,57,0,38,0,15,0,4,0
1007,4,0,4,0,4,0,4,0,4,0
1008,11,0,12,0,13,0,13,0,14,0
1009,59,0,41,0,40,0,51,0,41,0
1010,81,0,68,0,47,0,50,0,46,0
1011,0,0,0,0,0,0,0,0,0,0
1012,7,0,17,0,38,0,24,0,14,0
1013,1,0,1,0,1,0,1,0,1,0
1014,4,0,8,0,7,0,12,0,17,0
1015,18,0,15,0,24,0,73,0,41,0
1016,22,0,23,0,24,0,18,0,19,0
1017,3,0,3,0,3,0,3,0,11,0
1018,29,0,84,0,72,0,47,0,25,0
1019,12,0,4,0,6,0,3,0,12,0
1020,82,0,78,0,72,0,49,0,17,0
1021,70,0,50,0,24,0,3,0,3,0
1022,4,2,4,2,4,2,4,2,4,2
1023,0,0,0,0,0,0,0,0,0,0
1024,7,0,36,0,60,0,47,0,33,0
1025,81,0,56,0,40,0,36,0,39,0
1026,9,0,10,0,14,0,10,0,13,0
1027,6,0,14,0,17,0,11,0,9,0
1028,23,0,64,0,49,0,37,0,26,0
1029,2,0,2,0,2,0,2,0,2,0
1030,59,0,49,0,16,0,5,0,3,0
1031,55,0,42,0,31,0,38,0,47,0
1032,55,0,9,0,2,0,3,0,3,0
1033,4,0,3,0,3,0,3,0,3,0
1034,2,0,2,0,2,0,2,0,2,0
1035,10,0,16,0,34,0,29,0,11,0
1036,1,0,2,0,3,0,5,0,7,0
1037,4,0,5,0,6,0,8,0,13,0
1038,4,0,4,0,4,0,4,0,4,0
1039,11,0,17,0,49,0,40,0,30,0
1040,2,0,2,0,2,0,2,0,2,0
1041,54,0,32,0,39,0,40,0,41,0
1042,46,0,27,0,30,0,35,0,24,0
1043,61,0,40,0,32,0,37,0,39,0
1044,4,0,4,0,4,0,3,0,4,0
1045,3,0,4,0,2,0,3,0,6,0
1046,11,0,14,0,14,0,13,0,13,0
1047,3,0,3,0,3,0,3,0,3,0
1048,2,0,2,0,2,0,2,0,2,0
1049,0,0,0,0,0,0,0,0,0,0
1050,14,0,8,0,7,0,8,0,10,0
1051,4,0,4,0,4,0,4,0,4,0
1052,61,0,67,0,40,0,29,0,6,0
1053,5,0,4,0,15,0,49,0,39,0
1054,4,0,2,0,14,0,37,0,35,0
1055,3,0,3,0,3,0,5,0,11,0
1056,3,0,3,0,3,0,3,0,3,0
1057,2,0,3,0,4,0,69,0,89,0
1058,3,0,3,0,3,0,3,0,3,0
1059,90,0,87,0,64,0,25,0,44,0
1060,51,0,33,0,4,0,3,0,2,0
1061,4,0,4,0,4,0,4,0,4,0
1062,3,0,3,0,3,0,3,0,3,0
1063,12,0,12,0,11,0,11,0,10,0
1064,0,0,0,0,0,0,0,0,0,0
1065,59,0,42,0,39,0,41,0,33,0
1066,4,0,4,0,4,0,4,0,4,0
1067,13,0,10,0,10,0,10,0,10,0
1068,2,0,4,0,3,0,17,0,67,0
1069,3,0,6,0,12,0,40,0,31,0
1070,45,0,54,0,48,0,33,0,40,0
1071,14,0,9,0,25,0,14,0,16,0
1072,4,0,6,0,36,0,66,0,52,0
1073,3,0,3,0,3,0,3,0,3,0
1074,4,0,4,0,3,0,4,0,4,0
1075,8,0,22,0,29,0,24,0,17,0
1076,0,0,0,0,0,0,0,0,1,0
1077,14,0,63,0,62,0,44,0,31,0
1078,4,0,4,0,4,0,4,0,4,0
1079,10,0,4,0,3,0,2,0,3,0
1080,44,0,29,0,35,0,33,0,44,0
1081,18,1,27,1,28,1,24,1,26,1
1082,1,0,2,0,8,0,17,0,23,0
1083,1,0,1,0,1,0,1,0,3,0
1084,9,0,7,0,6,0,6,0,7,0
1085,11,0,48,0,41,0,27,0,17,0
1086,3,0,4,0,5,0,7,0,16,0
1087,4,0,4,0,4,0,4,0,4,0
1088,3,0,5,0,9,0,47,0,48,0
1089,32,0,84,0,63,0,46,0,19,0
1090,19,0,63,0,57,0,35,0,26,0
1091,4,0,4,0,4,0,4,0,4,0
1092,19,0,81,0,72,0,51,0,33,0
1093,4,0,4,0,4,0,4,0,4,0
1094,4,0,3,0,4,0,4,0,4,0
1095,6,0,5,0,5,0,6,0,10,0
1096,4,0,3,0,3,0,3,0,3,0
1097,3,0,3,0,3,0,3,0,3,0
1098,35,0,28,0,37,0,19,0,17,0
1099,11,0,17,0,25,0,24,0,23,0
1100,1,0,2,0,6,0,15,0,23,0
1101,14,0,12,0,6,0,4,0,5,0
1102,2,0,2,0,2,0,2,0,2,0
1103,76,0,41,0,31,0,29,0,35,0
1104,16,0,14,0,14,0,10,0,12,0
1105,55,0,38,0,31,0,36,0,51,0
1106,12,0,29,0,37,0,29,0,25,0
1107,31,0,22,0,13,0,13,0,11,0
1108,11,1,16,1,10,1,11,1,11,1
1109,2,0,2,0,2,0,2,0,2,0
1110,56,0,23,0,7,0,1,0,0,0
1111,4,0,4,0,3,0,4,0,4,0
1112,5,0,4,0,5,0,6,0,9,0
1113,5,2,4,2,4,2,4,2,4,2
1114,32,0,15,0,10,0,11,0,13,0
1115,46,0,40,0,37,0,37,0,48,0
1116,6,0,8,0,15,0,42,0,30,0
1117,2,0,2,0,2,0,2,0,2,0
1118,3,2,4,2,4,2,4,2,4,2
1119,16,0,71,0,65,0,41,0,34,0
1120,9,0,11,0,36,0,44,0,32,0
1121,0,0,0,0,2,0,2,0,1,0
1122,98,0,85,0,89,0,85,0,84,0
1123,12,0,15,0,16,0,51,0,52,0
1124,25,0,42,0,56,0,51,0,38,0
1125,29,0,24,0,27,0,27,0,34,0
1126,3,0,3,0,3,0,3,0,3,0
1127,13,0,37,0,46,0,33,0,30,0
1128,34,0,36,0,28,0,41,0,26,0
1129,33,0,18,0,27,0,35,0,35,0
1130,3,0,3,0,3,0,3,0,3,0
1131,85,0,77,0,30,0,24,0,36,0
1132,3,0,3,0,3,0,3,0,3,0
1133,4,0,4,0,4,0,4,0,4,0
1134,42,0,31,0,32,0,38,0,43,0
1135,12,0,9,0,10,0,10,0,10,0
1136,87,0,70,0,44,0,28,0,3,0
1137,73,0,46,0,29,0,29,0,25,0
1138,51,0,67,0,12,0,3,0,2,0
1139,59,0,64,0,60,0,64,0,71,0
1140,4,0,4,0,4,0,4,0,4,0
1141,11,0,30,0,28,0,14,0,9,0
1142,15,0,27,0,28,0,23,0,17,0
1143,3,0,3,0,3,0,3,0,3,0
1144,7,0,7,0,8,0,23,0,51,0
1145,26,0,48,0,36,0,34,0,24,0
1146,85,0,85,0,88,0,89,0,84,0
1147,3,0,3,0,7,0,35,0,87,0
1148,55,0,53,0,25,0,29,0,36,0
1149,4,0,3,0,6,0,13,0,50,0
1150,12,0,14,0,15,0,14,0,15,0
1151,4,0,4,0,4,0,4,0,4,0
1152,4,0,4,0,4,0,4,0,4,0
1153,24,0,63,0,50,0,35,0,25,0
1154,58,0,60,0,8,0,2,0,3,0
1155,46,0,19,0,32,0,44,0,31,0
1156,4,0,3,0,3,0,3,0,3,0
1157,5,0,5,0,6,0,8,0,11,0
1158,52,0,61,0,8,0,2,0,3,0
1159,4,0,4,0,4,0,4,0,4,0
1160,16,0,68,0,58,0,43,0,23,0
1161,19,0,5,0,3,0,2,0,3,0
1162,4,0,11,0,15,0,11,0,9,0
1163,19,0,34,0,22,0,14,0,7,0
1164,3,0,3,0,4,0,14,0,56,0
1165,4,0,3,0,5,0,19,0,65,0
1166,1,0,0,0,0,0,0,0,0,0
1167,4,0,4,0,6,0,7,0,8,0
1168,4,1,4,1,4,1,4,1,4,1
1169,91,0,93,0,88,0,86,0,82,0
1170,51,0,12,0,3,0,3,0,2,0
1171,12,1,13,1,18,1,19,1,25,1
1172,73,0,60,0,24,0,2,0,3,0
1173,5,3,6,3,5,3,6,3,5,3
1174,12,0,12,0,15,0,14,0,12,0
1175,2,0,4,0,6,0,31,0,75,0
1176,11,0,14,0,15,0,11,0,13,0
1177,8,0,39,0,56,0,38,0,32,0
1178,4,0,4,0,4,0,4,0,4,0
1179,62,0,23,0,59,0,59,0,33,0
1180,3,0,3,0,3,0,3,0,3,0
1181,100,200,100,200,100,200,100,200,100,200
1182,2,63,2,63,2,63,1,63,1,63
1183,4,0,3,0,4,0,3,0,4,0
1184,51,0,53,0,6,0,3,0,3,0
1185,2,0,2,0,2,0,2,0,2,0
1186,48,0,12,0,3,0,2,0,2,0
1187,50,0,47,0,5,0,3,0,3,0
1188,15,0,7,0,46,0,68,0,38,0
1189,4,0,7,0,10,0,53,0,54,0
1190,4,1,4,1,4,1,4,1,4,1
1191,77,0,44,0,39,0,3,0,3,0
1192,5,0,6,0,5,0,6,0,8,0
1193,85,0,86,0,45,0,68,0,6,0
1194,4,0,4,0,4,0,4,0,4,0
1195,3,0,7,0,16,0,25,0,24,0
1196,4,0,4,0,4,0,4,0,4,0
1197,40,0,10,0,3,0,4,0,2,0
1198,4,0,4,0,15,0,72,0,68,0
1199,59,0,18,0,31,0,43,0,34,0
1200,0,0,0,0,0,0,0,0,0,0
1201,58,0,51,0,12,0,2,0,2,0
1202,34,0,43,0,34,0,26,0,12,0
1203,28,0,60,0,50,0,37,0,30,0
1204,8,0,10,0,13,0,16,0,16,0
1205,1,0,1,0,0,0,1,0,1,0
1206,4,0,4,0,4,0,4,0,4,0
1207,0,0,0,0,0,0,0,0,0,0
1208,3,0,4,0,4,0,4,0,4,0
1209,17,39,19,39,24,39,12,39,15,39
1210,36,0,50,0,30,0,33,0,10,0
1211,9,137,9,137,6,137,5,137,4,137
1212,15,0,37,0,38,0,29,0,25,0
1213,36,0,13,0,10,0,9,0,9,0
1214,4,0,4,0,4,0,4,0,4,0
1215,3,0,3,0,3,0,3,0,3,0
1216,3,0,3,0,5,0,27,0,79,0
1217,7,0,9,0,13,0,16,0,23,0
1218,3,0,3,0,3,0,4,0,3,0
1219,4,0,3,0,3,0,3,0,4,0
1220,50,0,68,0,53,0,37,0,17,0
1221,1,0,1,0,1,0,1,0,0,0
1222,7,0,7,0,39,0,68,0,43,0
1223,67,0,42,0,24,0,2,0,3,0
1224,5,0,7,0,35,0,68,0,51,0
1225,25,0,6,0,4,0,2,0,3,0
1226,15,199,12,199,7,199,5,199,5,199
1227,2,0,2,0,2,0,2,0,2,0
1228,3,0,5,0,25,0,68,0,48,0
1229,4,0,2,0,4,0,4,0,9,0
1230,25,0,70,0,57,0,44,0,16,0
1231,3,0,4,0,5,0,33,0,79,0
1232,72,0,67,0,36,0,28,0,5,0
1233,88,0,63,0,47,0,25,0,4,0
1234,2,89,2,89,1,89,1,89,0,89
1235,25,0,29,0,34,0,26,0,24,0
1236,6,0,4,0,6,0,12,0,39,0
1237,3,0,4,0,3,0,3,0,3,0
1238,43,0,58,0,10,0,3,0,1,0
1239,9,0,8,0,12,0,27,0,24,0
1240,12,0,24,0,39,0,43,0,51,0
1241,17,0,42,0,25,0,23,0,29,0
1242,75,0,65,0,40,0,25,0,4,0
1243,76,0,29,0,27,0,29,0,27,0
1244,4,0,4,0,4,0,4,0,4,0
1245,22,0,16,0,14,0,10,0,8,0
1246,55,0,31,0,48,0,66,0,41,0
1247,5,0,4,0,19,0,76,0,59,0
1248,16,0,18,0,14,0,15,0,16,0
1249,4,0,3,0,4,0,8,0,32,0
1250,0,0,0,0,0,0,0,0,0,0
1251,69,0,43,0,13,0,3,0,3,0
1252,4,0,3,0,5,0,37,0,90,0
1253,80,1,39,1,54,1,5,1,3,1
1254,2,0,2,0,2,0,2,0,2,0
1255,10,0,23,0,46,0,38,0,35,0
1256,18,31,19,31,16,31,17,31,16,31
1257,29,0,87,0,81,0,42,0,49,0
1258,82,0,37,0,35,0,31,0,41,0
1259,3,0,3,0,4,0,7,0,33,0
1260,4,0,14,0,65,0,62,0,40,0
1261,16,0,17,0,17,0,15,0,14,0
1262,0,0,0,0,0,0,0,0,0,0
1263,9,0,24,0,18,0,12,0,11,0
1264,3,0,5,0,15,0,97,0,87,0
1265,14,0,84,0,74,0,53,0,35,0
1266,6,0,30,0,72,0,52,0,34,0
1267,18,3,18,3,24,3,26,3,23,3
1268,17,0,83,0,74,0,50,0,36,0
1269,4,0,4,0,4,0,4,0,4,0
1270,4,0,4,0,4,0,4,0,4,0
1271,47,0,39,0,4,0,3,0,3,0
1272,43,0,43,0,35,0,34,0,56,0
1273,59,0,47,0,9,0,2,0,3,0
1274,4,3,4,3,4,3,4,3,4,3
1275,10,0,15,0,19,0,17,0,16,0
1276,61,0,34,0,36,0,6,0,3,0
1277,0,0,0,0,1,0,1,0,0,0
1278,11,0,11,0,9,0,6,0,5,0
1279,10,0,10,0,9,0,9,0,10,0
1280,3,0,3,0,3,0,4,0,3,0
1281,5,0,6,0,7,0,12,0,25,0
1282,0,0,0,0,0,0,0,0,0,0
1283,3,0,5,0,13,0,60,0,50,0
1284,17,0,84,0,80,0,41,0,50,0
1285,4,1,4,1,4,1,4,1,4,1
1286,31,0,87,0,50,0,35,0,11,0
1287,5,0,6,0,8,0,12,0,18,0
1288,6,0,6,0,5,0,4,0,4,0
1289,7,0,8,0,8,0,13,0,25,0
1290,12,0,17,0,9,0,9,0,10,0
1291,3,0,3,0,5,0,27,0,70,0
1292,0,0,0,0,1,0,1,0,1,0
1293,36,0,16,0,4,0,2,0,3,0
1294,87,0,49,0,64,0,6,0,3,0
1295,13,0,74,0,69,0,43,0,27,0
1296,3,0,3,0,4,0,13,0,71,0
1297,0,0,0,0,0,0,0,0,0,0
1298,10,0,16,0,38,0,34,0,23,0
1299,0,11,1,11,0,11,1,11,1,11
1300,3,0,2,0,2,0,7,0,13,0
1301,0,0,0,0,0,0,0,0,0,0
1302,3,0,3,0,3,0,3,0,3,0
1303,8,0,9,0,10,0,13,0,19,0
1304,3,0,3,0,5,0,4,0,29,0
1305,7,0,7,0,6,0,6,0,6,0
1306,72,0,60,0,29,0,8,0,5,0
1307,90,0,56,0,60,0,8,0,2,0
1308,15,200,14,200,12,200,14,200,15,200
1309,4,0,3,0,3,0,3,0,3,0
1310,4,0,5,0,5,0,6,0,5,0
1311,15,0,15,0,62,0,50,0,23,0
1312,40,0,40,0,2,0,3,0,3,0
1313,3,0,3,0,3,0,4,0,3,0
1314,57,0,67,0,69,0,70,0,64,0
1315,4,0,4,0,4,0,4,0,4,0
1316,3,0,3,0,3,0,8,0,44,0
1317,19,0,18,0,17,0,45,0,55,0
1318,32,0,84,0,76,0,44,0,38,0
1319,6,0,7,0,8,0,9,0,7,0
1320,31,0,49,0,62,0,35,0,35,0
1321,2,0,3,0,5,0,10,0,15,0
1322,0,0,0,0,0,0,0,0,0,0
1323,5,0,5,0,6,0,9,0,18,0
1324,4,0,4,0,4,0,4,0,4,0
1325,61,0,37,0,12,0,3,0,3,0
1326,44,0,10,0,10,0,13,0,16,0
1327,4,0,4,0,4,0,4,0,4,0
1328,18,0,17,0,22,0,28,0,50,0
1329,17,0,11,0,13,0,15,0,13,0
1330,5,0,6,0,10,0,34,0,42,0
1331,67,0,53,0,16,0,6,0,3,0
1332,23,0,40,0,34,0,32,0,27,0
1333,3,0,4,0,6,0,16,0,47,0
1334,4,0,7,0,55,0,68,0,44,0
1335,13,69,16,69,14,69,15,69,15,69
1336,0,0,0,0,0,0,0,0,0,0
1337,4,0,5,0,6,0,10,0,16,0
1338,3,0,4,0,4,0,4,0,4,0
1339,17,0,12,0,9,0,8,0,6,0
1340,38,0,67,0,46,0,35,0,15,0
1341,3,0,6,0,6,0,17,0,58,0
1342,63,0,69,0,8,0,2,0,2,0
1343,0,0,0,0,1,0,0,0,0,0
1344,30,0,19,0,34,0,33,0,39,0
1345,0,0,0,0,0,0,0,0,0,0
1346,23,0,34,0,18,0,18,0,12,0
1347,2,0,2,0,2,0,2,0,2,0
1348,74,0,46,0,27,0,32,0,33,0
1349,5,0,6,0,7,0,34,0,55,0
1350,3,87,4,87,4,87,7,87,13,87
1351,23,0,46,0,40,0,31,0,33,0
1352,25,0,27,0,26,0,23,0,25,0
1353,32,0,88,0,72,0,49,0,25,0
1354,3,0,3,0,4,0,24,0,78,0
1355,3,0,5,0,9,0,33,0,44,0
1356,0,0,0,0,0,0,0,0,0,0
1357,1,0,1,0,0,0,0,0,0,0
1358,56,0,24,0,35,0,45,0,42,0
1359,4,0,4,0,4,0,4,0,4,0
1360,12,0,5,0,2,0,3,0,4,0
1361,31,0,27,0,19,0,24,0,19,0
1362,13,0,13,0,13,0,12,0,14,0
1363,32,0,12,0,5,0,4,0,4,0
1364,2,0,2,0,6,0,44,0,86,0
1365,7,0,7,0,6,0,6,0,7,0
1366,4,0,3,0,15,0,40,0,25,0
1367,4,0,4,0,4,0,4,0,4,0
1368,32,0,39,0,24,0,28,0,41,0
1369,8,0,10,0,17,0,27,0,16,0
1370,4,0,4,0,4,0,4,0,4,0
1371,2,0,2,0,2,0,2,0,2,0
1372,0,0,0,0,0,0,0,0,0,0
1373,4,0,4,0,4,0,4,0,4,0
1374,9,0,7,0,9,0,10,0,9,0
1375,48,0,60,0,71,0,40,0,36,0
1376,25,0,24,0,34,0,34,0,42,0
1377,2,0,3,0,3,0,11,0,39,0
1378,41,0,16,0,4,0,3,0,2,0
1379,51,0,32,0,3,0,3,0,3,0
1380,4,0,4,0,4,0,4,0,4,0
1381,4,0,3,0,3,0,3,0,4,0
1382,8,0,6,0,50,0,72,0,48,0
1383,87,0,50,0,60,0,2,0,2,0
1384,4,0,4,0,4,0,4,0,4,0
1385,5,0,5,0,6,0,7,0,8,0
1386,12,0,12,0,12,0,11,0,10,0
1387,4,0,4,0,4,0,4,0,4,0
1388,61,0,56,0,12,0,5,0,2,0
1389,14,0,22,0,15,0,17,0,34,0
1390,61,0,64,0,69,0,70,0,67,0
1391,5,0,9,0,52,0,62,0,36,0
1392,3,0,2,0,6,0,63,0,87,0
1393,2,0,3,0,4,0,9,0,30,0
1394,67,0,36,0,26,0,31,0,14,0
1395,29,0,22,0,25,0,35,0,30,0
1396,47,0,56,0,39,0,36,0,11,0
1397,4,0,4,0,4,0,4,0,4,0
1398,3,0,4,0,8,0,41,0,57,0
1399,17,0,44,0,43,0,49,0,57,0
1400,4,0,4,0,4,0,4,0,4,0
1401,3,0,4,0,10,0,19,0,48,0
1402,54,0,52,0,12,0,3,0,2,0
1403,23,50,32,50,35,50,36,50,35,50
1404,7,0,3,0,3,0,2,0,3,0
1405,43,0,19,0,11,0,13,0,16,0
1406,9,0,8,0,16,0,50,0,41,0
1407,3,0,3,0,4,0,10,0,35,0
1408,13,0,23,0,25,0,16,0,9,0
1409,11,0,11,0,14,0,13,0,12,0
1410,2,0,2,0,5,0,25,0,78,0
1411,25,0,31,0,39,0,40,0,40,0
1412,44,0,47,0,49,0,46,0,47,0
1413,3,0,3,0,3,0,3,0,3,0
1414,4,0,6,0,40,0,66,0,46,0
1415,65,0,44,0,38,0,47,0,58,0
1416,4,0,9,0,41,0,44,0,30,0
1417,18,0,23,0,34,0,23,0,30,0
1418,29,0,29,0,30,0,29,0,26,0
1419,62,0,47,0,13,0,3,0,2,0
1420,18,0,11,0,3,0,11,0,51,0
1421,4,0,11,0,52,0,67,0,44,0
1422,4,0,4,0,4,0,3,0,4,0
1423,4,0,4,0,4,0,4,0,4,0
1424,15,0,71,0,63,0,43,0,24,0
1425,5,0,6,0,6,0,8,0,11,0
1426,8,0,9,0,10,0,14,0,25,0
1427,3,0,3,0,3,0,3,0,3,0
1428,3,0,3,0,3,0,3,0,3,0
1429,17,0,84,0,75,0,46,0,43,0
1430,52,0,64,0,9,0,3,0,2,0
1431,23,0,18,0,19,0,24,0,31,0
1432,38,0,14,0,8,0,4,0,3,0
1433,4,0,7,0,50,0,63,0,42,0
1434,67,0,49,0,53,0,59,0,66,0
1435,3,0,2,0,2,0,3,0,4,0
1436,33,0,40,0,40,0,37,0,49,0
1437,4,0,3,0,4,0,5,0,17,0
1438,4,0,4,0,4,0,4,0,4,0
1439,4,0,3,0,6,0,11,0,23,0
1440,5,0,9,0,12,0,26,0,26,0
1441,4,0,4,0,4,0,4,0,4,0
1442,5,0,6,0,7,0,11,0,19,0
1443,10,1,10,1,10,1,10,1,10,1
1444,14,0,16,0,9,0,8,0,10,0
1445,4,0,4,0,4,0,4,0,4,0
1446,4,0,4,0,4,0,4,0,4,0
1447,4,0,4,0,4,0,4,0,4,0
1448,10,0,0,0,0,0,0,0,0,0
1449,4,0,4,0,3,0,3,0,4,0
1450,1,1,0,1,1,1,1,1,1,1
1451,4,2,3,2,3,2,3,2,3,2
1452,3,0,3,0,7,0,24,0,67,0
1453,64,0,36,0,8,0,2,0,4,0
1454,2,0,2,0,2,0,2,0,2,0
1455,4,0,4,0,4,0,4,0,4,0
1456,2,0,2,0,2,0,2,0,2,0
1457,4,0,4,0,4,0,4,0,4,0
1458,7,0,4,0,2,0,4,0,5,0
1459,14,0,36,0,36,0,24,0,36,0
1460,22,0,83,0,72,0,43,0,25,0
1461,8,0,13,0,12,0,10,0,9,0
1462,26,0,11,0,6,0,4,0,12,0
1463,4,0,4,0,4,0,4,0,4,0
1464,2,0,2,0,2,0,2,0,2,0
1465,0,0,0,0,0,0,0,0,0,0
1466,32,0,16,0,24,0,36,0,35,0
1467,78,0,41,0,45,0,5,0,3,0
1468,7,0,7,0,11,0,23,0,29,0
1469,4,0,5,0,6,0,6,0,5,0
1470,11,1,9,1,3,1,4,1,4,1
1471,9,0,6,0,5,0,7,0,5,0
1472,23,0,33,0,38,0,53,0,41,0
1473,1,0,2,0,3,0,2,0,3,0
1474,3,0,3,0,6,0,18,0,84,0
1475,3,0,4,0,3,0,5,0,4,0
1476,29,0,19,0,25,0,34,0,50,0
1477,68,0,65,0,16,0,5,0,3,0
1478,4,0,3,0,3,0,4,0,4,0
1479,4,116,3,116,3,116,4,116,4,116
1480,4,2,4,2,4,2,5,2,5,2
1481,0,0,0,0,3,0,9,0,9,0
1482,5,0,10,0,37,0,54,0,35,0
1483,0,0,0,0,0,0,0,0,0,0
1484,87,0,62,0,55,0,9,0,1,0
1485,16,0,14,0,11,0,11,0,10,0
1486,16,0,50,0,44,0,28,0,18,0
1487,81,0,41,0,52,0,2,0,3,0
1488,33,0,48,0,31,0,19,0,7,0
1489,3,0,3,0,6,0,17,0,74,0
1490,23,0,80,0,67,0,47,0,30,0
1491,4,0,4,0,4,0,4,0,4,0
1492,4,0,4,0,6,0,31,0,76,0
1493,4,2,4,2,4,2,4,2,5,2
1494,14,0,31,0,26,0,14,0,11,0
1495,2,0,3,0,3,0,5,0,5,0
1496,34,0,24,0,27,0,36,0,41,0
1497,37,0,10,0,5,0,3,0,3,0
1498,4,0,5,0,5,0,5,0,5,0
1499,3,0,3,0,3,0,3,0,3,0
1500,3,0,3,0,11,0,50,0,65,0
1501,3,0,4,0,11,0,27,0,65,0
1502,63,0,13,0,9,0,4,0,3,0
1503,35,0,14,0,15,0,27,0,19,0
1504,29,0,27,0,26,0,25,0,26,0
1505,15,0,11,0,13,0,8,0,10,0
1506,45,0,52,0,6,0,3,0,2,0
1507,14,0,86,0,78,0,50,0,48,0
1508,4,0,3,0,3,0,3,0,3,0
1509,7,0,30,0,65,0,52,0,34,0
1510,6,2,8,2,9,2,8,2,13,2
1511,34,200,28,200,28,200,17,200,17,200
1512,32,0,38,0,31,0,28,0,31,0
1513,3,0,3,0,3,0,3,0,3,0
1514,16,0,22,0,12,0,10,0,11,0
1515,4,0,4,0,4,0,4,0,4,0
1516,4,0,4,0,4,0,4,0,4,0
1517,16,0,68,0,66,0,44,0,30,0
1518,17,0,17,0,17,0,15,0,14,0
1519,50,0,30,0,49,0,45,0,50,0
1520,24,4,27,4,22,4,38,4,26,4
1521,13,0,12,0,10,0,9,0,9,0
1522,53,0,74,0,54,0,46,0,24,0
1523,11,0,12,0,13,0,11,0,10,0
1524,5,0,9,0,15,0,17,0,14,0
1525,4,0,10,0,18,0,42,0,30,0
1526,2,0,2,0,2,0,2,0,2,0
1527,5,0,3,0,13,0,84,0,80,0
1528,24,0,17,0,26,0,23,0,15,0
1529,77,0,44,0,49,0,6,0,3,0
1530,16,0,88,0,82,0,42,0,56,0
1531,4,0,4,0,4,0,4,0,4,0
1532,0,0,0,0,0,0,0,0,0,0
1533,67,0,18,0,43,0,51,0,40,0
1534,4,0,3,0,6,0,16,0,68,0
1535,56,0,34,0,26,0,35,0,44,0
1536,11,0,6,0,5,0,3,0,5,0
1537,15,0,3,0,4,0,2,0,3,0
1538,4,0,4,0,4,0,4,0,4,0
1539,13,89,19,89,13,89,19,89,16,89
1540,73,0,60,0,39,0,17,0,4,0
1541,10,0,3,0,2,0,3,0,3,0
1542,19,0,32,0,17,0,15,0,23,0
1543,2,0,3,0,2,0,4,0,43,0
1544,2,0,2,0,2,0,2,0,2,0
1545,22,0,14,0,12,0,11,0,11,0
1546,12,0,27,0,28,0,18,0,14,0
1547,3,0,3,0,4,0,33,0,68,0
1548,12,0,41,0,52,0,34,0,27,0
1549,54,0,10,0,12,0,14,0,16,0
1550,4,0,18,0,63,0,50,0,30,0
1551,40,0,75,0,59,0,46,0,25,0
1552,5,0,4,0,7,0,18,0,51,0
1553,69,0,36,0,14,0,6,0,2,0
1554,100,4,100,4,100,4,100,4,96,4
1555,4,0,4,0,3,0,4,0,4,0
1556,4,0,4,0,4,0,4,0,4,0
1557,4,0,4,0,4,0,4,0,4,0
1558,24,0,44,0,39,0,34,0,41,0
1559,4,0,4,0,4,0,4,0,4,0
1560,3,0,3,0,3,0,3,0,3,0
1561,51,0,19,0,5,0,4,0,2,0
1562,4,0,4,0,4,0,4,0,4,0
1563,6,0,28,0,62,0,55,0,31,0
1564,4,0,4,0,4,0,4,0,4,0
1565,14,0,60,0,52,0,27,0,12,0
1566,63,0,72,0,47,0,46,0,12,0
1567,7,12,5,12,5,12,5,12,7,12
1568,4,0,4,0,4,0,4,0,4,0
1569,4,0,4,0,4,0,4,0,4,0
1570,0,0,0,0,0,0,0,0,0,0
1571,3,0,3,0,4,0,23,0,88,0
1572,3,0,3,0,3,0,3,0,3,0
1573,100,0,93,0,90,0,85,0,85,0
1574,14,0,7,0,3,0,3,0,3,0
1575,6,0,7,0,8,0,17,0,15,0
1576,4,0,3,0,4,0,7,0,41,0
1577,4,0,4,0,5,0,7,0,9,0
1578,10,0,9,0,25,0,46,0,43,0
1579,3,0,4,0,2,0,12,0,16,0
1580,64,0,65,0,40,0,28,0,7,0
1581,3,0,3,0,3,0,6,0,40,0
1582,4,0,4,0,4,0,4,0,4,0
1583,3,0,3,0,8,0,29,0,78,0
1584,61,0,63,0,8,0,2,0,3,0
1585,79,0,44,0,37,0,3,0,3,0
1586,4,0,4,0,3,0,3,0,3,0
1587,3,0,3,0,3,0,7,0,19,0
1588,4,0,4,0,5,0,5,0,6,0
1589,0,0,0,0,0,0,0,0,0,0
1590,3,0,5,0,11,0,24,0,32,0
1591,4,0,4,0,4,0,4,0,4,0
1592,55,0,30,0,41,0,50,0,49,0
1593,0,0,0,0,1,0,1,0,0,0
1594,1,0,1,0,1,0,1,0,1,0
1595,40,0,23,0,13,0,8,0,4,0
1596,13,0,14,0,10,0,11,0,10,0
1597,11,0,14,0,25,0,19,0,12,0
1598,16,0,46,0,25,0,14,0,13,0
1599,3,0,4,0,5,0,15,0,59,0
1600,3,0,3,0,2,0,4,0,4,0
1601,9,0,8,0,6,0,7,0,12,0
1602,11,0,11,0,13,0,24,0,36,0
1603,26,0,7,0,3,0,3,0,3,0
1604,69,0,18,0,31,0,42,0,44,0
1605,87,0,44,0,65,0,4,0,2,0
1606,4,0,3,0,3,0,3,0,4,0
1607,55,0,37,0,6,0,4,0,2,0
1608,6,0,11,0,10,0,8,0,8,0
1609,3,0,7,0,53,0,84,0,58,0
1610,2,0,3,0,3,0,5,0,9,0
1611,5,2,4,2,4,2,4,2,4,2
1612,4,0,4,0,4,0,4,0,4,0
1613,42,0,37,0,49,0,71,0,42,0
1614,0,0,0,0,0,0,0,0,0,0
1615,74,0,26,0,24,0,29,0,33,0
1616,6,0,6,0,6,0,8,0,14,0
1617,4,0,7,0,18,0,59,0,46,0
1618,54,0,27,0,26,0,29,0,30,0
1619,4,0,4,0,4,0,4,0,4,0
1620,4,0,4,0,4,0,4,0,4,0
1621,25,0,29,0,32,0,37,0,38,0
1622,2,0,2,0,2,0,2,0,2,0
1623,2,0,2,0,2,0,2,0,2,0
1624,6,0,9,0,39,0,49,0,25,0
1625,4,0,4,0,4,0,4,0,4,0
1626,3,0,4,0,5,0,14,0,83,0
1627,64,0,54,0,50,0,35,0,40,0
1628,0,0,0,0,0,0,0,0,0,0
1629,19,0,74,0,48,0,36,0,24,0
1630,7,0,17,0,73,0,55,0,35,0
1631,30,0,24,0,46,0,25,0,19,0
1632,2,0,2,0,5,0,32,0,86,0
1633,42,0,6,0,3,0,3,0,3,0
1634,0,1,0,1,0,1,0,1,0,1
1635,26,0,18,0,15,0,12,0,47,0
1636,4,0,5,0,6,0,7,0,25,0
1637,14,0,14,0,34,0,70,0,29,0
1638,73,0,34,0,30,0,33,0,31,0
1639,32,0,13,0,5,0,4,0,3,0
1640,4,0,4,0,5,0,9,0,38,0
1641,5,0,3,0,6,0,5,0,15,0
1642,34,0,17,0,29,0,27,0,18,0
1643,4,0,4,0,4,0,4,0,4,0
1644,23,0,15,0,12,0,12,0,12,0
1645,25,0,14,0,62,0,36,0,30,0
1646,58,0,68,0,69,0,70,0,60,0
1647,1,0,0,0,0,0,0,0,0,0
1648,1,0,1,0,1,0,1,0,1,0
1649,4,0,4,0,3,0,13,0,39,0
1650,54,0,42,0,10,0,6,0,5,0
1651,8,0,8,0,7,0,7,0,9,0
1652,61,0,70,0,37,0,37,0,7,0
1653,33,0,33,0,29,0,27,0,14,0
1654,25,0,24,0,27,0,32,0,35,0
1655,8,0,7,0,6,0,6,0,6,0
1656,5,3,4,3,4,3,4,3,4,3
1657,17,0,88,0,83,0,41,0,54,0
1658,0,0,0,0,0,0,0,0,0,0
1659,59,0,59,0,62,0,67,0,67,0
1660,41,0,28,0,26,0,25,0,15,0
1661,58,0,67,0,68,0,69,0,62,0
1662,44,0,31,0,26,0,28,0,32,0
1663,4,0,4,0,4,0,4,0,4,0
1664,6,0,11,0,30,0,26,0,14,0
1665,4,0,4,0,4,0,4,0,4,0
1666,4,0,5,0,8,0,54,0,54,0
1667,74,0,47,0,29,0,3,0,3,0
1668,5,0,5,0,5,0,5,0,4,0
1669,16,0,13,0,10,0,12,0,10,0
1670,3,0,3,0,3,0,3,0,3,0
1671,22,0,11,0,18,0,26,0,26,0
1672,3,0,5,0,2,0,3,0,6,0
1673,3,0,3,0,3,0,3,0,3,0
1674,5,0,5,0,5,0,5,0,5,0
1675,17,0,13,0,9,0,8,0,8,0
1676,4,0,4,0,4,0,4,0,4,0
1677,4,0,4,0,4,0,4,0,4,0
1678,26,0,38,0,37,0,32,0,17,0
1679,48,0,13,0,5,0,2,0,3,0
1680,3,0,3,0,3,0,3,0,3,0
1681,2,0,2,0,2,0,2,0,2,0
1682,6,0,7,0,10,0,16,0,30,0
1683,4,0,4,0,4,0,4,0,4,0
1684,8,0,8,0,15,0,51,0,44,0
1685,0,0,0,0,0,0,0,0,0,0
1686,4,2,4,2,3,2,4,2,4,2
1687,6,200,13,200,34,200,26,200,16,200
1688,58,0,38,0,6,0,3,0,3,0
1689,17,0,15,0,13,0,14,0,16,0
1690,5,0,5,0,6,0,38,0,56,0
1691,57,0,57,0,7,0,3,0,3,0
1692,29,0,31,0,41,0,33,0,26,0
1693,4,0,4,0,4,0,4,0,4,0
1694,42,0,27,0,24,0,14,0,14,0
1695,13,0,57,0,56,0,35,0,23,0
1696,0,0,0,0,0,0,0,0,0,0
1697,4,0,5,0,4,0,4,0,4,0
1698,4,0,4,0,4,0,4,0,4,0
1699,61,1,40,1,13,1,7,1,2,1
1700,4,0,4,0,4,0,4,0,4,0
1701,4,0,3,0,10,0,18,0,38,0
1702,5,0,14,0,30,0,17,0,12,0
1703,4,0,4,0,4,0,4,0,4,0
1704,56,0,32,0,29,0,32,0,46,0
1705,63,0,7,0,4,0,3,0,3,0
1706,4,0,4,0,4,0,4,0,4,0
1707,80,0,41,0,47,0,3,0,3,0
1708,7,0,16,0,29,0,24,0,10,0
1709,14,19,42,19,36,19,28,19,18,19
1710,46,0,72,0,54,0,45,0,15,0
1711,61,0,62,0,63,0,71,0,70,0
1712,4,0,4,0,3,0,3,0,3,0
1713,86,0,81,0,72,0,44,0,13,0
1714,4,0,13,0,75,0,70,0,42,0
1715,36,0,34,0,29,0,36,0,48,0
1716,5,0,3,0,3,0,3,0,8,0
1717,41,0,53,0,41,0,27,0,15,0
1718,8,0,9,0,13,0,23,0,19,0
1719,3,0,4,0,4,0,4,0,4,0
1720,4,0,4,0,4,0,4,0,4,0
1721,16,0,32,0,25,0,16,0,14,0
1722,0,0,0,0,0,0,0,0,0,0
1723,3,0,3,0,3,0,3,0,3,0
1724,48,0,56,0,59,0,67,0,71,0
1725,13,0,9,0,7,0,5,0,3,0
1726,0,5,0,5,0,5,0,5,0,5
1727,8,0,13,0,14,0,13,0,12,0
1728,17,0,77,0,65,0,44,0,27,0
1729,77,0,75,0,41,0,38,0,3,0
1730,90,0,88,0,56,0,42,0,31,0
1731,4,0,3,0,14,0,70,0,66,0
1732,2,0,3,0,3,0,3,0,3,0
1733,9,0,12,0,13,0,9,0,10,0
1734,16,94,43,94,22,94,26,94,25,94
1735,4,0,3,0,3,0,3,0,3,0
1736,32,0,85,0,71,0,46,0,26,0
1737,0,0,0,0,0,0,0,0,0,0
1738,4,0,4,0,4,0,4,0,4,0
1739,24,0,18,0,15,0,14,0,18,0
1740,15,1,9,1,9,1,10,1,10,1
1741,75,0,39,0,11,0,1,0,2,0
1742,53,0,38,0,5,0,3,0,3,0
1743,4,0,4,0,4,0,4,0,4,0
1744,79,0,46,0,35,0,33,0,33,0
1745,4,0,4,0,4,0,4,0,4,0
1746,44,0,9,0,8,0,8,0,6,0
1747,5,0,3,0,3,0,4,0,12,0
1748,81,0,44,0,53,0,2,0,4,0
1749,17,0,9,0,6,0,5,0,4,0
1750,4,1,4,1,4,1,4,1,4,1
1751,0,0,0,0,0,0,0,0,0,0
1752,7,0,4,0,3,0,5,0,6,0
1753,4,0,3,0,3,0,3,0,3,0
1754,0,0,0,0,0,0,0,0,0,0
1755,8,0,6,0,6,0,12,0,11,0
1756,94,0,62,0,25,0,32,0,19,0
1757,7,0,16,0,75,0,61,0,35,0
1758,0,0,0,0,0,0,0,0,0,0
1759,2,0,2,0,2,0,2,0,2,0
1760,28,0,22,0,27,0,27,0,29,0
1761,25,0,23,0,30,0,33,0,26,0
1762,22,0,13,0,11,0,11,0,12,0
1763,67,0,42,0,28,0,3,0,3,0
1764,3,0,3,0,3,0,3,0,3,0
1765,4,0,4,0,4,0,4,0,4,0
1766,13,0,28,0,26,0,14,0,13,0
1767,77,0,62,0,46,0,17,0,5,0
1768,7,0,7,0,7,0,9,0,14,0
1769,19,0,82,0,69,0,52,0,32,0
1770,2,0,2,0,2,0,2,0,2,0
1771,34,0,44,0,53,0,45,0,43,0
1772,8,0,6,0,6,0,7,0,10,0
1773,2,0,2,0,2,0,2,0,2,0
1774,16,0,17,0,19,0,45,0,55,0
1775,64,0,46,0,34,0,14,0,5,0
1776,56,0,33,0,52,0,60,0,44,0
1777,3,0,4,0,4,0,23,0,66,0
1778,16,0,34,0,29,0,18,0,11,0
1779,11,0,8,0,31,0,62,0,47,0
1780,5,0,3,0,3,0,18,0,80,0
1781,2,0,2,0,2,0,2,0,2,0
1782,16,0,14,0,13,0,11,0,9,0
1783,4,0,3,0,3,0,10,0,35,0
1784,4,0,4,0,4,0,4,0,4,0
1785,2,0,2,0,2,0,2,0,2,0
1786,30,0,26,0,36,0,40,0,35,0
1787,4,0,4,0,4,0,4,0,4,0
1788,38,0,28,0,18,0,12,0,6,0
1789,37,0,32,0,4,0,3,0,3,0
1790,32,0,33,0,28,0,18,0,14,0
1791,4,0,4,0,5,0,7,0,10,0
1792,13,0,10,0,8,0,7,0,10,0
1793,5,0,4,0,7,0,12,0,16,0
1794,17,0,13,0,13,0,8,0,12,0
1795,42,0,14,0,53,0,27,0,30,0
1796,4,0,4,0,4,0,5,0,5,0
1797,2,0,3,0,4,0,5,0,9,0
1798,4,0,4,0,4,0,4,0,4,0
1799,10,0,12,0,10,0,9,0,11,0
1800,3,0,3,0,3,0,2,0,3,0
1801,3,0,7,0,12,0,23,0,19,0
1802,0,0,0,0,0,0,0,0,0,0
1803,4,0,4,0,3,0,3,0,3,0
1804,4,0,3,0,6,0,44,0,81,0
1805,9,11,18,11,34,11,26,11,18,11
1806,2,0,4,0,5,0,15,0,50,0
1807,4,0,4,0,4,0,4,0,4,0
1808,69,0,68,0,56,0,63,0,64,0
1809,52,0,60,0,64,0,70,0,68,0
1810,4,0,4,0,4,0,4,0,4,0
1811,4,0,3,0,3,0,3,0,4,0
1812,4,0,6,0,10,0,36,0,44,0
1813,12,0,9,0,10,0,9,0,10,0
1814,4,0,3,0,10,0,33,0,57,0
1815,5,0,8,0,53,0,55,0,31,0
1816,63,0,40,0,24,0,18,0,25,0
1817,37,0,33,0,32,0,32,0,54,0
1818,11,0,10,0,10,0,11,0,10,0
1819,5,0,3,0,3,0,6,0,30,0
1820,0,0,0,0,0,0,0,0,0,0
1821,4,0,4,0,4,0,4,0,4,0
1822,0,0,0,0,2,0,2,0,1,0
1823,2,0,2,0,2,0,2,0,2,0
1824,3,0,3,0,2,0,3,0,3,0
1825,3,0,0,0,0,0,0,0,0,0
1826,5,0,5,0,17,0,57,0,41,0
1827,4,0,4,0,4,0,4,0,4,0
1828,16,6,19,6,29,6,34,6,58,6
1829,12,0,10,0,22,0,15,0,13,0
1830,48,0,41,0,44,0,49,0,43,0
1831,4,0,14,0,87,0,87,0,41,0
1832,7,0,4,0,3,0,3,0,4,0
1833,55,0,17,0,12,0,3,0,3,0
1834,4,0,4,0,4,0,4,0,4,0
1835,64,0,69,0,69,0,61,0,65,0
1836,2,0,3,0,2,0,3,0,5,0
1837,42,0,16,0,11,0,3,0,2,0
1838,14,0,67,0,59,0,38,0,25,0
1839,4,0,4,0,5,0,5,0,7,0
1840,4,0,4,0,4,0,4,0,4,0
1841,0,0,0,0,0,0,0,0,0,0
1842,47,0,22,0,32,0,44,0,35,0
1843,2,0,2,0,2,0,2,0,2,0
1844,5,0,3,0,4,0,6,0,13,0
1845,3,0,4,0,28,0,82,0,71,0
1846,5,0,4,0,6,0,17,0,65,0
1847,6,0,9,0,9,0,16,0,16,0
1848,0,0,0,0,0,0,0,0,0,0
1849,3,0,3,0,4,0,3,0,3,0
1850,2,0,2,0,2,0,2,0,2,0
1851,4,0,4,0,4,0,4,0,4,0
1852,26,0,24,0,32,0,17,0,17,0
1853,8,0,22,0,47,0,28,0,24,0
1854,12,0,11,0,12,0,13,0,12,0
1855,4,0,5,0,5,0,13,0,59,0
1856,4,0,4,0,4,0,4,0,4,0
1857,4,0,3,0,3,0,3,0,3,0
1858,4,0,4,0,15,0,68,0,67,0
1859,2,0,2,0,2,0,2,0,2,0
1860,81,0,42,0,46,0,4,0,3,0
1861,5,0,4,0,3,0,3,0,2,0
1862,67,0,50,0,38,0,16,0,5,0
1863,3,0,2,0,1,0,0,0,0,0
1864,3,0,3,0,3,0,4,0,3,0
1865,25,0,73,0,58,0,41,0,26,0
1866,36,0,11,0,9,0,10,0,12,0
1867,4,0,5,0,13,0,58,0,54,0
1868,4,0,4,0,4,0,4,0,4,0
1869,15,0,9,0,11,0,11,0,11,0
1870,4,0,3,0,3,0,3,0,3,0
1871,3,0,3,0,2,0,2,0,3,0
1872,37,0,29,0,27,0,26,0,33,0
1873,2,0,2,0,2,0,2,0,2,0
1874,4,0,3,0,27,0,70,0,42,0
1875,51,0,40,0,25,0,37,0,44,0
1876,17,0,34,0,22,0,27,0,32,0
1877,4,0,4,0,3,0,3,0,3,0
1878,4,0,3,0,4,0,4,0,4,0
1879,3,0,3,0,2,0,4,0,11,0
1880,10,0,7,0,9,0,9,0,11,0
1881,4,0,4,0,4,0,4,0,4,0
1882,3,0,3,0,3,0,3,0,3,0
1883,0,0,0,0,0,0,0,0,0,0
1884,12,0,43,0,41,0,28,0,19,0
1885,4,0,4,0,4,0,4,0,4,0
1886,5,3,4,3,4,3,4,3,4,3
1887,30,0,29,0,27,0,36,0,35,0
1888,13,0,16,0,30,0,71,0,32,0
1889,4,0,4,0,4,0,4,0,4,0
1890,26,0,73,0,60,0,42,0,31,0
1891,6,0,6,0,7,0,8,0,10,0
1892,3,0,3,0,4,0,15,0,58,0
1893,4,0,4,0,4,0,4,0,4,0
1894,19,0,87,0,71,0,43,0,24,0
1895,100,29,99,29,91,29,97,29,85,29
1896,14,0,12,0,10,0,8,0,7,0
1897,2,0,2,0,2,0,2,0,2,0
1898,84,0,78,0,72,0,41,0,11,0
1899,38,0,32,0,31,0,33,0,18,0
1900,3,0,3,0,3,0,15,0,64,0
1901,0,0,0,0,0,0,0,0,0,0
1902,42,0,37,0,2,0,3,0,2,0
1903,0,0,0,0,0,0,0,0,0,0
1904,2,0,2,0,2,0,2,0,2,0
1905,6,0,6,0,6,0,5,0,5,0
1906,4,0,4,0,3,0,4,0,4,0
1907,47,13,33,13,26,13,31,13,30,13
1908,0,0,0,0,0,0,0,0,0,0
1909,0,0,0,0,1,0,0,0,0,0
1910,4,0,4,0,4,0,4,0,4,0
1911,6,0,26,0,58,0,46,0,29,0
1912,30,7,19,7,22,7,23,7,17,7
1913,2,0,2,0,2,0,2,0,2,0
1914,45,0,38,0,43,0,64,0,44,0
1915,3,0,3,0,7,0,51,0,84,0
1916,1,0,1,0,1,0,1,0,1,0
1917,6,0,16,0,88,0,78,0,40,0
1918,2,0,2,0,2,0,2,0,2,0
1919,4,0,14,0,81,0,75,0,38,0
1920,17,0,24,0,28,0,19,0,26,0
1921,3,0,5,0,6,0,13,0,10,0
1922,3,0,3,0,3,0,3,0,3,0
1923,3,0,3,0,3,0,3,0,3,0
1924,3,0,3,0,5,0,24,0,60,0
1925,35,0,9,0,3,0,3,0,3,0
1926,11,0,10,0,12,0,15,0,13,0
1927,4,0,4,0,4,0,4,0,4,0
1928,30,0,19,0,26,0,17,0,16,0
1929,3,0,3,0,3,0,3,0,3,0
1930,4,0,3,0,3,0,3,0,3,0
1931,4,0,3,0,5,0,8,0,41,0
1932,4,0,4,0,4,0,4,0,4,0
1933,4,0,4,0,3,0,3,0,3,0
1934,5,0,5,0,6,0,12,0,46,0
1935,4,0,4,0,4,0,4,0,4,0
1936,24,0,16,0,24,0,26,0,14,0
1937,7,0,18,0,28,0,15,0,13,0
1938,66,0,44,0,56,0,62,0,67,0
1939,59,0,40,0,8,0,5,0,3,0
1940,56,0,57,0,17,0,5,0,3,0
1941,13,0,7,0,8,0,19,0,55,0
1942,0,0,0,0,0,0,0,0,0,0
1943,22,0,23,0,24,0,29,0,34,0
1944,2,0,2,0,2,0,2,0,2,0
1945,9,0,10,0,13,0,25,0,24,0
1946,4,0,5,0,27,0,84,0,47,0
1947,4,1,4,1,4,1,4,1,4,1
1948,10,0,9,0,9,0,10,0,11,0
1949,9,0,42,0,49,0,34,0,32,0
1950,37,0,8,0,3,0,3,0,3,0
1951,16,0,22,0,16,0,12,0,10,0
1952,84,0,56,0,37,0,27,0,29,0
1953,16,0,43,0,37,0,27,0,39,0
1954,3,0,4,0,9,0,26,0,39,0
1955,7,0,43,0,59,0,44,0,31,0
1956,4,0,4,0,8,0,35,0,36,0
1957,3,0,4,0,2,0,2,0,5,0
1958,4,0,4,0,4,0,4,0,4,0
1959,0,0,0,0,0,0,0,0,0,0
1960,3,0,4,0,5,0,24,0,60,0
1961,32,0,54,0,43,0,34,0,25,0
1962,10,0,13,0,16,0,25,0,26,0
1963,40,0,12,0,11,0,10,0,5,0
1964,4,105,3,105,3,105,2,105,2,105
1965,22,0,28,0,37,0,24,0,18,0
1966,7,0,7,0,9,0,9,0,9,0
1967,4,0,4,0,4,0,4,0,4,0
1968,4,0,4,0,4,0,4,0,4,0
1969,69,0,52,0,26,0,3,0,3,0
1970,4,0,3,0,4,0,4,0,4,0
1971,5,3,4,3,4,3,4,3,4,3
1972,4,0,4,0,4,0,4,0,4,0
1973,69,0,38,0,31,0,33,0,38,0
1974,5,0,3,0,7,0,18,0,60,0
1975,75,0,17,0,7,0,8,0,24,0
1976,4,0,8,0,14,0,12,0,13,0
1977,66,0,34,0,27,0,31,0,41,0
1978,4,0,3,0,4,0,3,0,4,0
1979,7,0,15,0,17,0,12,0,10,0
1980,0,0,0,0,2,0,2,0,1,0
1981,56,0,30,0,34,0,37,0,38,0
1982,4,0,4,0,4,0,4,0,4,0
1983,54,0,57,0,41,0,31,0,11,0
1984,0,0,0,0,0,0,0,0,0,0
1985,4,0,4,0,4,0,4,0,4,0
1986,16,0,30,0,19,0,11,0,10,0
1987,0,0,0,0,0,0,2,0,7,0
1988,0,0,1,0,1,0,1,0,1,0
1989,0,0,0,0,0,0,0,0,1,0
1990,3,0,3,0,4,0,16,0,57,0
1991,62,0,42,0,19,0,5,0,3,0
1992,57,0,31,0,38,0,50,0,49,0
1993,9,0,9,0,10,0,11,0,15,0
1994,3,0,3,0,4,0,8,0,24,0
1995,11,0,24,0,40,0,33,0,24,0
1996,4,0,4,0,4,0,4,0,4,0
1997,23,0,9,0,13,0,8,0,14,0
1998,4,0,4,0,4,0,4,0,4,0
1999,0,0,0,0,0,0,0,0,0,0
2000,3,0,3,0,4,0,4,0,23,0
2001,13,199,13,199,12,199,12,199,14,199
2002,22,0,10,0,11,0,14,0,15,0
2003,4,0,5,0,6,0,15,0,19,0
2004,18,0,83,0,72,0,51,0,30,0
2005,86,0,73,0,44,0,27,0,2,0
2006,1,0,1,0,0,0,1,0,1,0
2007,13,0,73,0,60,0,45,0,24,0
2008,0,0,0,0,0,0,0,0,0,0
2009,9,0,27,0,53,0,32,0,15,0
2010,30,0,32,0,29,0,29,0,27,0
2011,12,0,26,0,28,0,27,0,16,0
2012,4,0,2,0,6,0,11,0,15,0
2013,3,0,3,0,6,0,42,0,76,0
2014,0,0,0,0,0,0,0,0,0,0
2015,0,0,0,0,0,0,0,0,0,0
2016,55,0,63,0,43,0,27,0,8,0
2017,13,0,15,0,10,0,10,0,29,0
2018,4,0,7,0,9,0,29,0,38,0
2019,4,2,4,2,4,2,4,2,4,2
2020,87,0,57,0,55,0,7,0,3,0
2021,0,0,0,0,0,0,0,0,0,0
2022,77,0,63,0,45,0,24,0,7,0
2023,5,0,4,0,4,0,4,0,4,0
2024,25,0,17,0,16,0,17,0,18,0
2025,28,0,3,0,3,0,3,0,3,0
2026,70,0,52,0,44,0,18,0,8,0
2027,0,0,0,0,0,0,0,0,0,0
2028,3,0,3,0,4,0,12,0,68,0
2029,1,0,2,0,8,0,17,0,23,0
2030,4,0,4,0,4,0,4,0,4,0
2031,9,0,13,0,12,0,12,0,12,0
2032,14,40,16,40,13,40,14,40,15,40
2033,43,0,53,0,4,0,3,0,2,0
2034,4,0,4,0,2,0,3,0,13,0
2035,5,0,6,0,41,0,71,0,52,0
2036,3,0,3,0,4,0,11,0,29,0
2037,18,0,14,0,10,0,10,0,12,0
2038,9,22,6,22,4,22,4,22,4,22
2039,4,0,3,0,6,0,6,0,14,0
2040,3,0,3,0,4,0,4,0,4,0
2041,85,0,78,0,44,0,40,0,2,0
2042,4,0,13,0,59,0,55,0,32,0
2043,0,0,0,0,0,0,0,0,0,0
2044,4,3,4,3,4,3,4,3,4,3
2045,54,0,29,0,8,0,3,0,3,0
2046,2,0,2,0,3,0,5,0,9,0
2047,2,200,1,200,1,200,1,200,1,200
2048,72,0,39,0,25,0,31,0,31,0
2049,51,0,30,0,5,0,3,0,3,0
2050,4,0,4,0,4,0,4,0,4,0
2051,25,0,37,0,19,0,14,0,13,0
2052,26,0,28,0,30,0,33,0,32,0
2053,5,0,5,0,5,0,6,0,7,0
2054,34,0,62,0,40,0,35,0,11,0
2055,7,0,15,0,18,0,11,0,9,0
2056,4,0,4,0,4,0,4,0,4,0
2057,31,0,7,0,4,0,4,0,3,0
2058,3,0,3,0,5,0,25,0,80,0
2059,4,0,4,0,4,0,4,0,4,0
2060,3,0,3,0,3,0,3,0,3,0
2061,13,0,31,0,46,0,35,0,30,0
2062,32,0,38,0,38,0,24,0,27,0
2063,10,0,40,0,46,0,31,0,30,0
2064,13,0,22,0,29,0,17,0,18,0
2065,16,0,17,0,17,0,18,0,19,0
2066,43,0,39,0,37,0,35,0,39,0
2067,0,0,0,0,0,0,0,0,0,0
2068,19,0,61,0,44,0,31,0,15,0
2069,7,0,5,0,2,0,3,0,4,0
2070,43,0,11,0,4,0,4,0,3,0
2071,16,137,12,137,9,137,8,137,7,137
2072,52,0,18,0,6,0,4,0,3,0
2073,62,0,64,0,64,0,67,0,70,0
2074,6,0,6,0,7,0,11,0,15,0
2075,18,0,73,0,52,0,36,0,26,0
2076,25,0,37,0,14,0,10,0,10,0
2077,73,0,48,0,43,0,5,0,3,0
2078,3,0,3,0,3,0,3,0,3,0
2079,15,0,13,0,19,0,17,0,25,0
2080,0,0,0,0,0,0,0,0,0,0
2081,6,0,7,0,8,0,9,0,11,0
2082,22,0,14,0,11,0,10,0,9,0
2083,2,0,2,0,2,0,2,0,2,0
2084,0,0,0,0,0,0,0,0,0,0
2085,25,0,16,0,25,0,14,0,18,0
2086,2,0,4,0,6,0,26,0,70,0
2087,32,0,8,0,8,0,14,0,51,0
2088,6,0,4,0,3,0,2,0,3,0
2089,14,0,7,0,8,0,27,0,43,0
2090,12,0,27,0,37,0,26,0,36,0
2091,2,0,2,0,2,0,2,0,2,0
2092,38,0,47,0,2,0,2,0,3,0
2093,2,0,2,0,3,0,4,0,23,0
2094,3,0,2,0,3,0,7,0,26,0
2095,29,0,30,0,39,0,42,0,41,0
2096,0,0,0,0,0,0,0,0,0,0
2097,2,0,2,0,2,0,2,0,2,0
2098,2,0,2,0,2,0,2,0,2,0
2099,16,0,11,0,12,0,13,0,12,0
2100,3,0,3,0,3,0,3,0,3,0
2101,61,0,64,0,68,0,71,0,67,0
2102,4,0,4,0,4,0,4,0,4,0
2103,18,0,26,0,28,0,29,0,30,0
2104,1,0,1,0,1,0,1,0,1,0
2105,1,0,1,0,0,0,0,0,0,0
2106,50,0,54,0,7,0,4,0,2,0
2107,3,0,4,0,2,0,7,0,59,0
2108,11,0,9,0,9,0,10,0,9,0
2109,4,0,2,0,3,0,3,0,3,0
2110,6,0,10,0,47,0,63,0,43,0
2111,6,0,5,0,3,0,2,0,3,0
2112,4,0,4,0,4,0,4,0,4,0
2113,45,0,52,0,47,0,41,0,59,0
2114,4,0,4,0,4,0,4,0,4,0
2115,5,0,5,0,3,0,3,0,3,0
2116,4,0,2,0,4,0,6,0,8,0
2117,57,0,57,0,59,0,59,0,52,0
2118,15,0,17,0,28,0,37,0,31,0
2119,44,0,74,0,53,0,35,0,13,0
2120,66,0,49,0,59,0,60,0,65,0
2121,1,0,2,0,7,0,15,0,23,0
2122,4,0,4,0,4,0,4,0,4,0
2123,4,0,4,0,4,0,4,0,4,0
2124,30,0,38,0,45,0,40,0,38,0
2125,26,0,67,0,59,0,49,0,31,0
2126,12,0,2,0,3,0,3,0,3,0
2127,9,0,26,0,43,0,33,0,24,0
2128,7,0,19,0,69,0,51,0,36,0
2129,0,0,0,0,0,0,0,0,0,0
2130,22,0,13,0,11,0,7,0,6,0
2131,17,0,84,0,82,0,36,0,59,0
2132,47,0,60,0,12,0,5,0,3,0
2133,0,0,0,0,0,0,0,0,0,0
2134,6,0,4,0,4,0,2,0,4,0
2135,9,0,9,0,10,0,10,0,10,0
2136,0,0,1,0,1,0,1,0,1,0
2137,4,0,4,0,4,0,4,0,4,0
2138,56,0,41,0,35,0,36,0,44,0
2139,4,0,3,0,3,0,3,0,3,0
2140,13,0,13,0,14,0,15,0,13,0
2141,63,0,46,0,54,0,59,0,68,0
2142,29,0,28,0,36,0,42,0,44,0
2143,10,2,17,2,25,2,16,2,13,2
2144,4,0,3,0,3,0,3,0,33,0
2145,4,0,3,0,3,0,3,0,4,0
2146,8,0,41,0,52,0,34,0,23,0
2147,85,0,64,0,41,0,17,0,3,0
2148,3,0,3,0,3,0,2,0,3,0
2149,65,0,5,0,5,0,7,0,32,0
2150,42,0,69,0,50,0,32,0,15,0
2151,2,0,2,0,2,0,2,0,2,0
2152,43,0,27,0,19,0,26,0,18,0
2153,18,0,7,0,17,0,8,0,11,0
2154,19,0,75,0,54,0,41,0,16,0
2155,30,200,37,200,15,200,10,200,12,200
2156,88,0,96,0,88,0,86,0,76,0
2157,1,0,2,0,6,0,15,0,23,0
2158,51,0,33,0,10,0,5,0,3,0
2159,0,0,0,0,0,0,0,0,0,0
2160,16,0,16,0,24,0,36,0,30,0
2161,18,0,10,0,10,0,9,0,8,0
2162,31,0,30,0,31,0,19,0,17,0
2163,9,0,27,0,54,0,42,0,32,0
2164,37,0,36,0,31,0,32,0,35,0
2165,0,0,0,0,0,0,0,0,0,0
2166,42,0,24,0,5,0,4,0,3,0
2167,29,0,79,0,72,0,45,0,34,0
2168,4,0,3,0,3,0,4,0,4,0
2169,8,1,12,1,11,1,13,1,11,1
2170,2,0,2,0,2,0,2,0,2,0
2171,37,0,82,0,80,0,41,0,57,0
2172,3,0,4,0,4,0,4,0,4,0
2173,4,0,3,0,3,0,3,0,4,0
2174,5,0,3,0,4,0,4,0,6,0
2175,41,0,4,0,3,0,3,0,3,0
2176,54,0,41,0,41,0,31,0,18,0
2177,4,0,4,0,4,0,4,0,4,0
2178,86,0,41,0,57,0,4,0,3,0
2179,4,0,4,0,4,0,4,0,4,0
2180,4,0,4,0,4,0,4,0,4,0
2181,3,0,3,0,62,0,86,0,64,0
2182,4,0,4,0,4,0,4,0,4,0
2183,0,0,0,0,0,0,0,0,0,0
2184,53,0,47,0,6,0,4,0,2,0
2185,4,0,4,0,6,0,7,0,12,0
2186,12,1,7,1,7,1,7,1,7,1
2187,7,0,7,0,9,0,11,0,9,0
2188,4,0,4,0,4,0,4,0,4,0
2189,9,0,5,0,3,0,5,0,4,0
2190,38,0,48,0,3,0,3,0,2,0
2191,66,0,52,0,71,0,40,0,41,0
2192,6,0,6,0,7,0,7,0,7,0
2193,4,0,16,0,72,0,64,0,38,0
2194,3,0,3,0,3,0,3,0,3,0
2195,4,0,6,0,41,0,61,0,41,0
2196,6,0,7,0,9,0,14,0,19,0
2197,18,0,10,0,9,0,8,0,9,0
2198,3,0,3,0,2,0,2,0,3,0
2199,44,0,42,0,43,0,44,0,48,0
2200,43,0,34,0,5,0,3,0,3,0
2201,45,0,48,0,34,0,25,0,6,0
2202,3,0,3,0,3,0,3,0,3,0
2203,3,0,6,0,10,0,15,0,29,0
2204,9,0,10,0,24,0,42,0,31,0
2205,7,0,6,0,15,0,51,0,39,0
2206,37,0,54,0,36,0,32,0,10,0
2207,33,0,23,0,22,0,25,0,25,0
2208,3,0,3,0,5,0,17,0,57,0
2209,13,0,18,0,13,0,16,0,16,0
2210,4,0,4,0,4,0,4,0,4,0
2211,4,0,4,0,3,0,3,0,3,0
2212,1,200,1,200,1,200,0,200,1,200
2213,3,0,3,0,3,0,3,0,3,0
2214,4,0,5,0,6,0,9,0,18,0
2215,11,0,42,0,52,0,34,0,30,0
2216,4,0,5,0,8,0,38,0,34,0
2217,10,0,15,0,11,0,9,0,8,0
2218,4,0,4,0,4,0,4,0,4,0
2219,4,0,4,0,4,0,4,0,4,0
2220,4,0,4,0,4,0,4,0,4,0
2221,4,0,4,0,4,0,4,0,4,0
2222,2,0,3,0,5,0,44,0,86,0
2223,3,0,3,0,3,0,3,0,3,0
2224,66,0,44,0,34,0,8,0,3,0
2225,24,0,24,0,30,0,31,0,27,0
2226,5,0,7,0,11,0,23,0,15,0
2227,4,0,4,0,4,0,5,0,6,0
2228,82,0,44,0,47,0,3,0,3,0
2229,9,0,17,0,16,0,13,0,11,0
2230,79,0,49,0,53,0,7,0,3,0
2231,0,0,0,0,0,0,0,0,0,0
2232,64,0,65,0,43,0,32,0,9,0
2233,3,0,3,0,4,0,4,0,3,0
2234,4,0,4,0,4,0,4,0,4,0
2235,58,0,31,0,22,0,25,0,34,0
2236,4,0,4,0,4,0,4,0,4,0
2237,4,0,5,0,10,0,37,0,36,0
2238,5,0,3,0,9,0,27,0,60,0
2239,0,0,0,0,0,0,0,0,0,0
2240,84,0,49,0,57,0,3,0,3,0
2241,0,7,1,7,1,7,1,7,0,7
2242,3,0,3,0,3,0,3,0,3,0
2243,15,0,7,0,8,0,9,0,11,0
2244,37,0,27,0,30,0,34,0,38,0
2245,17,0,10,0,15,0,17,0,15,0
2246,4,0,4,0,4,0,4,0,4,0
2247,4,0,4,0,4,0,4,0,4,0
2248,7,0,8,0,10,0,10,0,12,0
2249,15,0,10,0,12,0,8,0,11,0
2250,4,0,5,0,8,0,29,0,36,0
2251,72,0,75,0,34,0,35,0,4,0
2252,6,0,7,0,14,0,72,0,52,0
2253,16,0,13,0,9,0,8,0,6,0
2254,7,0,7,0,16,0,46,0,36,0
2255,9,0,13,0,26,0,29,0,18,0
2256,3,0,2,0,4,0,6,0,47,0
2257,32,0,3,0,3,0,3,0,3,0
2258,14,0,54,0,53,0,35,0,32,0
2259,30,0,5,0,4,0,2,0,3,0
2260,3,0,3,0,6,0,44,0,66,0
2261,4,0,4,0,4,0,4,0,4,0
2262,17,0,8,0,9,0,16,0,58,0
2263,0,0,0,0,0,0,0,0,0,0
2264,2,0,1,0,1,0,1,0,1,0
2265,1,0,2,0,6,0,15,0,23,0
2266,4,0,4,0,4,0,4,0,4,0
2267,4,0,3,0,3,0,3,0,3,0
2268,3,0,3,0,8,0,25,0,43,0
2269,11,86,18,86,13,86,12,86,15,86
2270,78,0,75,0,36,0,40,0,3,0
2271,3,0,3,0,3,0,3,0,3,0
2272,2,0,2,0,2,0,19,0,75,0
2273,2,0,3,0,5,0,7,0,6,0
2274,42,0,51,0,3,0,3,0,2,0
2275,3,0,3,0,3,0,3,0,3,0
2276,11,0,28,0,25,0,25,0,15,0
2277,4,0,4,0,4,0,4,0,4,0
2278,17,0,58,0,46,0,32,0,24,0
2279,64,0,30,0,11,0,7,0,7,0
2280,4,0,6,0,6,0,18,0,72,0
2281,4,0,4,0,3,0,4,0,4,0
2282,4,0,4,0,4,0,4,0,4,0
2283,0,0,0,0,0,0,0,0,0,0
2284,0,0,0,0,0,0,0,0,0,0
2285,4,0,7,0,10,0,10,0,9,0
2286,4,0,4,0,4,0,4,0,4,0
2287,0,0,0,0,0,0,0,0,0,0
2288,8,0,6,0,5,0,5,0,6,0
2289,82,0,65,0,56,0,11,0,1,0
2290,79,0,36,0,55,0,3,0,3,0
2291,4,0,4,0,4,0,4,0,4,0
2292,4,0,3,0,4,0,7,0,34,0
2293,1,3,0,3,0,3,0,3,0,3
2294,4,0,9,0,12,0,10,0,10,0
2295,4,0,4,0,4,0,4,0,4,0
2296,14,0,15,0,14,0,15,0,13,0
2297,24,0,23,0,19,0,24,0,18,0
2298,6,0,5,0,5,0,7,0,26,0
2299,12,0,24,0,22,0,24,0,27,0
2300,72,0,63,0,38,0,26,0,6,0
2301,4,0,4,0,4,0,4,0,4,0
2302,5,0,5,0,5,0,5,0,6,0
2303,4,0,3,0,3,0,3,0,3,0
2304,3,0,3,0,3,0,3,0,3,0
2305,4,0,4,0,4,0,4,0,4,0
2306,4,0,4,0,4,0,4,0,4,0
2307,4,0,4,0,4,0,4,0,4,0
2308,88,0,88,0,75,0,57,0,47,0
2309,4,0,4,0,4,0,4,0,4,0
2310,7,0,10,0,47,0,53,0,32,0
2311,42,0,19,0,18,0,16,0,19,0
2312,3,0,3,0,3,0,3,0,3,0
2313,2,0,2,0,2,0,2,0,2,0
2314,16,0,4,0,3,0,3,0,3,0
2315,68,0,67,0,47,0,61,0,64,0
2316,29,0,31,0,36,0,37,0,38,0
2317,4,0,10,0,29,0,50,0,39,0
2318,2,0,2,0,2,0,2,0,2,0
2319,0,0,0,0,0,0,0,0,0,0
2320,5,0,7,0,10,0,9,0,7,0
2321,57,0,38,0,32,0,6,0,4,0
2322,3,0,4,0,3,0,12,0,52,0
2323,5,0,5,0,12,0,31,0,38,0
2324,17,0,23,0,14,0,11,0,12,0
2325,23,0,7,0,3,0,4,0,3,0
2326,3,0,2,0,4,0,28,0,80,0
2327,9,0,17,0,25,0,17,0,12,0
2328,6,0,6,0,6,0,6,0,9,0
2329,4,0,5,0,4,0,3,0,8,0
2330,4,0,3,0,3,0,3,0,4,0
2331,4,0,4,0,4,0,4,0,4,0
2332,17,0,17,0,13,0,17,0,41,0
2333,0,0,0,0,0,0,0,0,0,0
2334,3,0,5,0,10,0,52,0,49,0
2335,8,0,10,0,11,0,11,0,7,0
2336,0,0,0,0,0,0,0,0,0,0
2337,7,0,15,0,28,0,23,0,13,0
2338,3,0,3,0,3,0,3,0,3,0
2339,4,0,4,0,4,0,3,0,4,0
2340,57,0,3,0,3,0,3,0,2,0
2341,14,0,13,0,10,0,10,0,11,0
2342,24,0,22,0,46,0,35,0,39,0
2343,3,0,3,0,3,0,3,0,3,0
2344,0,0,0,0,0,0,0,0,0,0
2345,17,0,17,0,16,0,15,0,13,0
2346,3,0,3,0,3,0,3,0,3,0
2347,4,0,4,0,3,0,3,0,4,0
2348,18,0,9,0,10,0,10,0,8,0
2349,46,0,3,0,3,0,2,0,2,0
2350,3,0,3,0,6,0,54,0,83,0
2351,4,0,4,0,4,0,4,0,4,0
2352,4,0,5,0,5,0,6,0,7,0
2353,10,12,9,12,10,12,13,12,12,12
2354,0,0,0,0,0,0,0,0,0,0
2355,0,0,1,0,0,0,1,0,1,0
2356,0,0,0,0,0,0,0,0,0,0
2357,18,0,24,0,15,0,15,0,26,0
2358,5,0,4,0,4,0,4,0,4,0
2359,4,3,4,3,5,3,5,3,5,3
2360,2,0,2,0,2,0,2,0,2,0
2361,3,0,3,0,3,0,3,0,3,0
2362,11,0,12,0,14,0,11,0,11,0
2363,3,0,3,0,6,0,25,0,78,0
2364,36,0,5,0,3,0,3,0,3,0
2365,38,0,32,0,39,0,47,0,35,0
2366,10,0,2,0,3,0,2,0,3,0
2367,0,0,0,0,0,0,0,0,0,0
2368,26,1,22,1,17,1,17,1,17,1
2369,4,0,3,0,3,0,3,0,4,0
2370,53,0,7,0,3,0,3,0,3,0
2371,45,0,51,0,5,0,2,0,3,0
2372,48,0,48,0,26,0,29,0,41,0
2373,3,0,3,0,3,0,4,0,5,0
2374,26,0,10,0,10,0,12,0,13,0
2375,4,0,5,0,6,0,8,0,11,0
2376,53,0,39,0,27,0,25,0,19,0
2377,12,0,30,0,31,0,25,0,10,0
2378,4,3,4,3,4,3,4,3,4,3
2379,0,0,0,0,0,0,0,0,0,0
2380,2,0,2,0,2,0,2,0,2,0
2381,50,0,28,0,37,0,29,0,25,0
2382,5,0,2,0,3,0,3,0,3,0
2383,52,0,48,0,16,0,12,0,6,0
2384,53,0,54,0,4,0,3,0,3,0
2385,4,0,4,0,4,0,4,0,4,0
2386,74,0,26,0,32,0,35,0,40,0
2387,4,0,2,0,3,0,3,0,3,0
2388,17,0,85,0,71,0,50,0,35,0
2389,5,0,5,0,13,0,53,0,46,0
2390,4,0,4,0,4,0,4,0,4,0
2391,4,0,4,0,4,0,4,0,4,0
2392,22,0,19,0,27,0,16,0,17,0
2393,10,0,46,0,59,0,42,0,33,0
2394,4,0,4,0,4,0,4,0,4,0
2395,2,0,2,0,2,0,2,0,2,0
2396,51,0,48,0,28,0,17,0,25,0
2397,36,0,84,0,72,0,53,0,24,0
2398,24,0,29,0,26,0,25,0,17,0
2399,2,0,3,0,2,0,3,0,4,0
2400,3,0,3,0,3,0,3,0,3,0
2401,6,0,5,0,5,0,5,0,6,0
2402,2,0,15,0,55,0,34,0,15,0
2403,4,0,3,0,16,0,63,0,59,0
2404,52,0,43,0,47,0,26,0,35,0
2405,4,0,7,0,14,0,47,0,43,0
2406,18,0,36,0,41,0,35,0,44,0
2407,14,0,15,0,13,0,23,0,40,0
2408,4,0,4,0,4,0,4,0,4,0
2409,10,0,26,0,41,0,36,0,29,0
2410,16,0,30,0,26,0,13,0,12,0
2411,2,0,2,0,2,0,2,0,2,0
2412,0,0,0,0,0,0,0,0,0,0
2413,0,0,0,0,0,0,0,0,0,0
2414,5,0,2,0,3,0,3,0,4,0
2415,5,0,7,0,11,0,17,0,16,0
2416,6,0,11,0,13,0,10,0,9,0
2417,51,0,42,0,27,0,13,0,3,0
2418,37,0,39,0,41,0,42,0,57,0
2419,9,0,9,0,10,0,11,0,9,0
2420,31,0,33,0,34,0,32,0,31,0
2421,1,1,0,1,1,1,1,1,1,1
2422,4,0,4,0,4,0,4,0,4,0
2423,4,0,4,0,4,0,4,0,4,0
2424,3,0,3,0,3,0,2,0,4,0
2425,30,0,29,0,26,0,25,0,27,0
2426,73,0,49,0,30,0,4,0,3,0
2427,0,0,0,0,0,0,0,0,0,0
2428,35,0,6,0,3,0,3,0,2,0
2429,38,0,43,0,41,0,40,0,44,0
2430,8,0,8,0,15,0,42,0,42,0
2431,51,0,69,0,4,0,2,0,2,0
2432,3,0,3,0,3,0,3,0,3,0
2433,24,0,87,0,77,0,49,0,40,0
2434,10,0,11,0,13,0,19,0,14,0
2435,1,0,1,0,1,0,1,0,1,0
2436,2,0,2,0,2,0,2,0,3,0
2437,3,0,3,0,4,0,26,0,84,0
2438,34,0,41,0,73,0,46,0,39,0
2439,3,0,4,0,2,0,2,0,4,0
2440,16,0,18,0,16,0,15,0,17,0
2441,16,0,30,0,39,0,23,0,35,0
2442,12,0,15,0,14,0,19,0,25,0
2443,7,0,7,0,7,0,9,0,13,0
2444,7,0,9,0,13,0,17,0,15,0
2445,25,0,32,0,40,0,26,0,27,0
2446,4,0,5,0,11,0,36,0,16,0
2447,4,0,4,0,5,0,7,0,13,0
2448,3,0,3,0,3,0,3,0,3,0
2449,3,0,3,0,6,0,34,0,90,0
2450,31,0,85,0,69,0,47,0,27,0
2451,4,0,6,0,17,0,62,0,50,0
2452,4,0,3,0,4,0,5,0,13,0
2453,13,0,11,0,10,0,10,0,11,0
2454,87,0,38,0,67,0,4,0,3,0
2455,35,0,37,0,44,0,44,0,40,0
2456,3,0,3,0,3,0,3,0,3,0
2457,4,0,3,0,4,0,3,0,4,0
2458,5,0,5,0,5,0,5,0,5,0
2459,36,0,5,0,3,0,4,0,2,0
2460,5,0,4,0,15,0,49,0,44,0
2461,37,0,8,0,2,0,4,0,2,0
2462,4,0,4,0,4,0,4,0,4,0
2463,2,0,2,0,9,0,23,0,58,0
2464,3,0,2,0,5,0,4,0,30,0
2465,18,0,16,0,12,0,17,0,27,0
2466,5,0,4,0,4,0,4,0,4,0
2467,3,0,4,0,6,0,40,0,59,0
2468,4,0,4,0,4,0,4,0,4,0
2469,1,0,1,0,1,0,1,0,1,0
2470,6,0,6,0,5,0,6,0,12,0
2471,54,0,59,0,8,0,4,0,2,0
2472,45,0,34,0,27,0,33,0,33,0
2473,63,0,39,0,34,0,35,0,36,0
2474,6,44,6,44,7,44,11,44,18,44
2475,3,0,3,0,4,0,4,0,4,0
2476,37,0,16,0,5,0,3,0,3,0
2477,40,0,46,0,4,0,3,0,2,0
2478,50,0,34,0,6,0,4,0,2,0
2479,16,0,15,0,14,0,9,0,9,0
2480,4,2,3,2,4,2,5,2,5,2
2481,0,0,0,0,1,0,1,0,1,0
2482,3,0,3,0,14,0,46,0,44,0
2483,5,0,5,0,6,0,8,0,11,0
2484,0,0,0,0,1,0,1,0,0,0
2485,32,0,18,0,11,0,11,0,13,0
2486,81,0,44,0,52,0,3,0,4,0
2487,5,0,2,0,4,0,3,0,4,0
2488,3,0,4,0,3,0,59,0,84,0
2489,9,0,43,0,58,0,44,0,32,0
2490,87,0,47,0,56,0,4,0,2,0
2491,57,0,36,0,6,0,3,0,3,0
2492,85,0,82,0,65,0,46,0,34,0
2493,44,0,36,0,4,0,2,0,3,0
2494,4,0,4,0,3,0,3,0,3,0
2495,4,0,4,0,4,0,4,0,4,0
2496,13,0,11,0,10,0,8,0,9,0
2497,9,0,11,0,12,0,25,0,18,0
2498,0,0,0,0,0,0,0,0,0,0
2499,86,0,41,0,59,0,7,0,4,0
2500,14,0,36,0,34,0,26,0,15,0
2501,4,0,4,0,4,0,4,0,4,0
2502,3,2,3,2,3,2,3,2,4,2
2503,43,0,37,0,19,0,12,0,3,0
2504,61,0,57,0,13,0,3,0,3,0
2505,12,0,9,0,9,0,9,0,10,0
2506,100,199,100,199,100,199,99,199,91,199
2507,4,0,4,0,4,0,4,0,4,0
2508,14,0,11,0,15,0,12,0,16,0
2509,6,0,6,0,5,0,5,0,10,0
2510,4,0,5,0,6,0,9,0,17,0
2511,8,0,4,0,4,0,2,0,3,0
2512,3,0,3,0,3,0,3,0,3,0
2513,12,0,78,0,72,0,47,0,29,0
2514,38,0,54,0,4,0,3,0,2,0
2515,41,0,29,0,6,0,3,0,3,0
2516,11,0,11,0,14,0,11,0,12,0
2517,4,0,5,0,5,0,24,0,64,0
2518,4,0,3,0,8,0,16,0,67,0
2519,4,0,5,0,12,0,45,0,35,0
2520,41,0,8,0,4,0,5,0,3,0
2521,2,0,2,0,2,0,2,0,2,0
2522,4,0,5,0,17,0,70,0,43,0
2523,16,0,31,0,36,0,27,0,15,0
2524,17,0,17,0,12,0,11,0,13,0
2525,3,0,3,0,3,0,3,0,3,0
2526,24,0,73,0,55,0,40,0,25,0
2527,4,3,4,3,4,3,4,3,4,3
2528,4,0,4,0,4,0,4,0,4,0
2529,4,1,4,1,4,1,4,1,4,1
2530,11,0,15,0,16,0,15,0,16,0
2531,4,0,4,0,4,0,4,0,4,0
2532,0,0,0,0,1,0,1,0,1,0
2533,4,0,2,0,4,0,26,0,79,0
2534,6,0,6,0,8,0,37,0,51,0
2535,4,0,4,0,4,0,4,0,4,0
2536,15,0,34,0,27,0,27,0,25,0
2537,62,0,65,0,63,0,66,0,67,0
2538,2,0,2,0,7,0,8,0,30,0
2539,33,108,18,108,9,108,7,108,5,108
2540,7,0,4,0,4,0,14,0,58,0
2541,4,0,4,0,4,0,4,0,4,0
2542,12,0,15,0,17,0,18,0,23,0
2543,0,0,1,0,3,0,28,0,44,0
2544,4,0,5,0,14,0,61,0,47,0
2545,14,0,29,0,35,0,25,0,15,0
2546,51,0,39,0,22,0,35,0,46,0
2547,3,0,8,0,12,0,62,0,57,0
2548,9,0,19,0,45,0,38,0,30,0
2549,32,0,86,0,72,0,55,0,24,0
2550,7,0,9,0,59,0,76,0,42,0
2551,11,1,12,1,12,1,12,1,12,1
2552,80,0,65,0,39,0,15,0,3,0
2553,38,0,43,0,45,0,38,0,46,0
2554,4,0,3,0,4,0,7,0,19,0
2555,3,0,3,0,6,0,37,0,83,0
2556,4,0,5,0,6,0,8,0,11,0
2557,16,0,87,0,77,0,44,0,35,0
2558,4,0,4,0,4,0,4,0,4,0
2559,56,0,29,0,5,0,4,0,2,0
2560,16,0,43,0,36,0,28,0,17,0
2561,76,0,39,0,41,0,3,0,4,0
2562,3,0,2,0,11,0,60,0,67,0
2563,34,0,40,0,39,0,38,0,42,0
2564,4,0,4,0,4,0,4,0,4,0
2565,5,0,7,0,10,0,12,0,18,0
2566,4,0,4,0,4,0,4,0,4,0
2567,52,0,51,0,26,0,34,0,43,0
2568,4,0,5,0,18,0,80,0,46,0
2569,4,0,4,0,4,0,4,0,4,0
2570,77,0,47,0,43,0,3,0,3,0
2571,9,0,13,0,52,0,51,0,33,0
2572,23,0,62,0,48,0,34,0,24,0
2573,80,0,39,0,54,0,3,0,3,0
2574,82,0,49,0,62,0,6,0,3,0
2575,7,0,11,0,54,0,55,0,32,0
2576,3,0,5,0,56,0,89,0,65,0
2577,4,0,4,0,5,0,16,0,48,0
2578,19,0,3,0,4,0,2,0,3,0
2579,4,0,2,0,12,0,37,0,43,0
2580,75,0,38,0,16,0,4,0,2,0
2581,35,0,88,0,76,0,46,0,39,0
2582,4,0,5,0,6,0,28,0,42,0
2583,45,0,56,0,3,0,2,0,2,0
2584,4,0,4,0,4,0,4,0,4,0
2585,4,0,4,0,4,0,4,0,4,0
2586,13,0,14,0,28,0,41,0,30,0
2587,14,4,14,4,15,4,12,4,12,4
2588,0,0,0,0,2,0,2,0,1,0
2589,2,0,3,0,4,0,23,0,58,0
2590,0,0,1,0,0,0,0,0,0,0
2591,0,0,0,0,0,0,0,0,0,0
2592,4,0,4,0,4,0,4,0,4,0
2593,4,0,4,0,4,0,4,0,4,0
2594,18,0,48,0,37,0,25,0,13,0
2595,31,0,34,0,38,0,55,0,55,0
2596,64,0,67,0,22,0,7,0,3,0
2597,78,0,41,0,49,0,3,0,3,0
2598,3,0,3,0,4,0,19,0,88,0
2599,4,0,4,0,4,0,4,0,4,0
2600,6,0,9,0,12,0,11,0,10,0
2601,4,0,4,0,4,0,4,0,4,0
2602,41,0,28,0,5,0,2,0,3,0
2603,5,0,10,0,22,0,53,0,34,0
2604,11,0,19,0,48,0,36,0,26,0
2605,3,0,3,0,3,0,3,0,3,0
2606,3,0,3,0,3,0,3,0,3,0
2607,57,0,67,0,69,0,70,0,65,0
2608,2,0,2,0,2,0,2,0,2,0
2609,15,0,22,0,25,0,35,0,38,0
2610,0,0,0,0,0,0,0,0,0,0
2611,0,0,0,0,0,0,0,0,0,0
2612,17,0,12,0,13,0,11,0,10,0
2613,1,0,1,0,1,0,1,0,1,0
2614,54,0,43,0,17,0,26,0,29,0
2615,52,0,24,0,5,0,2,0,3,0
2616,36,0,36,0,53,0,54,0,39,0
2617,6,0,2,0,3,0,4,0,9,0
2618,4,0,4,0,5,0,5,0,6,0
2619,2,0,2,0,2,0,2,0,2,0
2620,8,0,28,0,49,0,38,0,31,0
2621,2,0,2,0,3,0,2,0,3,0
2622,3,0,5,0,3,0,7,0,35,0
2623,62,0,28,0,5,0,4,0,2,0
2624,14,0,22,0,28,0,32,0,32,0
2625,4,0,4,0,4,0,4,0,4,0
2626,3,0,3,0,3,0,3,0,3,0
2627,76,0,40,0,41,0,6,0,3,0
2628,19,200,19,200,18,200,17,200,14,200
2629,4,0,4,0,4,0,4,0,4,0
2630,19,0,84,0,68,0,49,0,27,0
2631,5,0,5,0,11,0,27,0,32,0
2632,4,0,8,0,11,0,7,0,5,0
2633,5,0,16,0,24,0,10,0,10,0
2634,26,0,70,0,62,0,49,0,30,0
2635,22,48,14,48,18,48,16,48,19,48
2636,6,0,7,0,11,0,10,0,8,0
2637,4,0,4,0,6,0,15,0,44,0
2638,37,0,3,0,3,0,2,0,3,0
2639,12,0,6,0,3,0,2,0,3,0
2640,34,0,33,0,10,0,8,0,7,0
2641,3,0,4,0,3,0,3,0,3,0
2642,18,0,9,0,5,0,4,0,3,0
2643,44,0,49,0,3,0,3,0,2,0
2644,0,0,0,0,0,0,0,0,0,0
2645,53,0,19,0,7,0,6,0,3,0
2646,4,0,4,0,4,0,4,0,4,0
2647,72,0,41,0,32,0,2,0,3,0
2648,3,0,3,0,3,0,3,0,3,0
2649,2,0,2,0,2,0,2,0,2,0
2650,5,3,4,3,4,3,4,3,4,3
2651,4,0,8,0,10,0,27,0,35,0
2652,4,0,3,0,3,0,3,0,3,0
2653,44,0,28,0,16,0,9,0,8,0
2654,4,0,4,0,4,0,5,0,7,0
2655,3,0,3,0,3,0,3,0,3,0
2656,55,0,2,0,3,0,2,0,2,0
2657,0,0,0,0,0,0,0,0,0,0
2658,84,0,48,0,57,0,2,0,3,0
2659,3,0,3,0,3,0,3,0,3,0
2660,15,0,13,0,15,0,17,0,17,0
2661,4,0,4,0,4,0,4,0,4,0
2662,4,0,4,0,4,0,4,0,4,0
2663,4,0,4,0,4,0,4,0,4,0
2664,24,0,10,0,15,0,13,0,13,0
2665,53,0,30,0,5,0,3,0,3,0
2666,6,0,5,0,3,0,2,0,2,0
2667,25,0,31,0,27,0,23,0,29,0
2668,25,0,3,0,3,0,2,0,2,0
2669,5,0,4,0,4,0,4,0,4,0
2670,77,0,43,0,38,0,2,0,3,0
2671,0,0,0,0,0,0,0,0,0,0
2672,0,0,0,0,0,0,0,0,0,0
2673,5,0,15,0,9,0,7,0,10,0
2674,31,0,82,0,55,0,47,0,17,0
2675,100,7,100,7,100,7,100,7,98,7
2676,77,0,51,0,30,0,32,0,35,0
2677,23,0,46,0,41,0,32,0,19,0
2678,4,0,4,0,4,0,4,0,4,0
2679,3,0,2,0,6,0,11,0,43,0
2680,4,0,4,0,4,0,4,0,4,0
2681,6,0,6,0,7,0,9,0,14,0
2682,3,0,3,0,6,0,66,0,80,0
2683,10,0,12,0,13,0,15,0,15,0
2684,19,1,46,1,46,1,33,1,57,1
2685,51,0,32,0,5,0,4,0,2,0
2686,2,0,2,0,2,0,2,0,2,0
2687,3,0,5,0,6,0,7,0,14,0
2688,5,0,12,0,12,0,11,0,11,0
2689,0,0,0,0,0,0,0,0,0,0
2690,24,0,61,0,49,0,31,0,24,0
2691,32,0,37,0,43,0,37,0,41,0
2692,2,0,3,0,3,0,5,0,49,0
2693,11,0,15,0,16,0,53,0,47,0
2694,6,0,8,0,14,0,17,0,18,0
2695,3,0,4,0,9,0,32,0,56,0
2696,43,0,31,0,14,0,14,0,14,0
2697,22,0,18,0,14,0,15,0,17,0
2698,8,0,11,0,22,0,19,0,15,0
2699,3,0,3,0,3,0,3,0,3,0
2700,4,0,8,0,54,0,71,0,48,0
2701,4,0,4,0,4,0,4,0,4,0
2702,25,0,11,0,7,0,8,0,29,0
2703,10,0,10,0,11,0,10,0,10,0
2704,14,0,26,0,19,0,34,0,42,0
2705,58,0,51,0,37,0,31,0,11,0
2706,12,0,17,0,27,0,24,0,14,0
2707,45,0,3,0,3,0,2,0,2,0
2708,8,0,39,0,69,0,58,0,46,0
2709,3,0,8,0,19,0,54,0,38,0
2710,10,0,10,0,10,0,10,0,9,0
2711,3,0,3,0,3,0,3,0,3,0
2712,3,0,3,0,3,0,3,0,3,0
2713,8,0,5,0,2,0,3,0,3,0
2714,12,0,14,0,14,0,16,0,18,0
2715,4,0,4,0,41,0,59,0,36,0
2716,6,0,14,0,27,0,19,0,12,0
2717,46,0,47,0,40,0,46,0,49,0
2718,33,0,19,0,22,0,16,0,14,0
2719,9,140,7,140,5,140,4,140,4,140
2720,88,0,52,0,68,0,4,0,2,0
2721,7,0,8,0,16,0,31,0,27,0
2722,2,0,2,0,2,0,2,0,2,0
2723,4,0,4,0,4,0,4,0,4,0
2724,0,0,0,0,0,0,0,0,0,0
2725,24,0,79,0,59,0,47,0,26,0
2726,5,0,23,0,41,0,12,0,6,0
2727,4,0,4,0,4,0,4,0,4,0
2728,3,0,3,0,3,0,3,0,3,0
2729,2,0,2,0,2,0,2,0,2,0
2730,17,0,24,0,22,0,26,0,38,0
2731,4,0,3,0,5,0,2,0,4,0
2732,4,0,4,0,4,0,4,0,4,0
2733,30,0,38,0,34,0,31,0,29,0
2734,7,0,8,0,11,0,34,0,41,0
2735,3,3,3,3,4,3,4,3,4,3
2736,9,0,22,0,31,0,19,0,14,0
2737,12,0,15,0,36,0,81,0,34,0
2738,33,0,8,0,2,0,2,0,3,0
2739,5,0,6,0,6,0,9,0,10,0
2740,0,0,0,0,0,0,0,0,0,0
2741,3,0,3,0,3,0,4,0,15,0
2742,5,0,2,0,5,0,9,0,35,0
2743,4,0,4,0,4,0,4,0,4,0
2744,2,0,2,0,2,0,2,0,2,0
2745,3,0,2,0,4,0,17,0,68,0
2746,4,0,4,0,4,0,4,0,4,0
2747,40,0,10,0,8,0,9,0,8,0
2748,14,28,17,28,26,28,28,28,17,28
2749,6,0,14,0,29,0,25,0,19,0
2750,9,0,5,0,18,0,37,0,33,0
2751,85,0,79,0,77,0,34,0,25,0
2752,8,0,13,0,24,0,25,0,18,0
2753,4,0,12,0,58,0,70,0,46,0
2754,8,0,8,0,10,0,10,0,10,0
2755,38,0,32,0,27,0,28,0,29,0
2756,18,0,18,0,17,0,13,0,12,0
2757,15,0,52,0,45,0,24,0,24,0
2758,4,0,4,0,4,0,4,0,4,0
2759,3,0,5,0,28,0,59,0,54,0
2760,4,0,5,0,4,0,11,0,35,0
2761,4,0,4,0,4,0,4,0,4,0
2762,4,2,3,2,4,2,4,2,4,2
2763,13,0,8,0,8,0,7,0,8,0
2764,3,0,5,0,27,0,61,0,52,0
2765,48,0,30,0,49,0,58,0,47,0
2766,4,0,3,0,3,0,3,0,3,0
2767,4,0,8,0,52,0,62,0,41,0
2768,11,0,7,0,8,0,9,0,9,0
2769,3,0,7,0,19,0,47,0,43,0
2770,2,0,2,0,2,0,2,0,2,0
2771,3,0,5,0,19,0,89,0,80,0
2772,52,0,3,0,2,0,2,0,2,0
2773,5,0,13,0,11,0,9,0,15,0
2774,3,3,4,3,3,3,4,3,4,3
2775,5,0,11,0,32,0,29,0,11,0
2776,4,0,4,0,4,0,4,0,4,0
2777,1,0,0,0,0,0,0,0,1,0
2778,7,0,11,0,16,0,53,0,42,0
2779,3,0,3,0,3,0,4,0,9,0
2780,5,0,5,0,5,0,5,0,4,0
2781,6,0,5,0,5,0,5,0,5,0
2782,0,0,0,0,0,0,0,0,0,0
2783,24,0,78,0,67,0,49,0,34,0
2784,1,0,2,0,6,0,15,0,23,0
2785,45,0,60,0,6,0,3,0,3,0
2786,7,0,11,0,11,0,12,0,13,0
2787,13,1,13,1,16,1,13,1,14,1
2788,6,0,7,0,6,0,6,0,7,0
2789,4,0,8,0,11,0,42,0,43,0
2790,4,0,3,0,3,0,2,0,5,0
2791,53,0,17,0,22,0,28,0,30,0
2792,2,0,2,0,2,0,2,0,2,0
2793,76,0,43,0,18,0,11,0,5,0
2794,82,0,63,0,39,0,40,0,43,0
2795,4,2,4,2,3,2,4,2,4,2
2796,5,11,11,11,18,11,32,11,26,11
2797,31,0,42,0,39,0,37,0,47,0
2798,85,0,83,0,62,0,45,0,47,0
2799,0,0,0,0,0,0,0,0,0,0
2800,8,0,11,0,16,0,14,0,15,0
2801,43,0,37,0,39,0,38,0,52,0
2802,4,0,4,0,4,0,4,0,4,0
2803,4,0,4,0,4,0,4,0,4,0
2804,4,0,8,0,13,0,58,0,49,0
2805,4,0,4,0,4,0,4,0,4,0
2806,36,0,80,0,56,0,46,0,13,0
2807,4,1,4,1,4,1,4,1,4,1
2808,0,0,0,0,0,0,0,0,0,0
2809,4,0,9,0,55,0,50,0,30,0
2810,64,0,34,0,30,0,36,0,48,0
2811,3,0,3,0,3,0,3,0,3,0
2812,3,0,3,0,3,0,3,0,3,0
2813,31,0,14,0,10,0,12,0,14,0
2814,80,0,67,0,40,0,43,0,47,0
2815,2,0,2,0,2,0,2,0,2,0
2816,3,0,2,0,4,0,3,0,19,0
2817,35,0,10,0,3,0,4,0,2,0
2818,19,0,24,0,48,0,41,0,26,0
2819,31,0,73,0,50,0,36,0,17,0
2820,29,0,67,0,52,0,37,0,24,0
2821,2,0,2,0,2,0,2,0,2,0
2822,3,0,3,0,3,0,3,0,10,0
2823,50,0,39,0,11,0,5,0,3,0
2824,3,0,3,0,2,0,2,0,12,0
2825,0,0,0,0,0,0,0,0,0,0
2826,4,2,4,2,4,2,5,2,5,2
2827,3,0,4,0,3,0,15,0,71,0
2828,8,0,5,0,5,0,3,0,5,0
2829,3,0,3,0,3,0,3,0,3,0
2830,74,0,56,0,43,0,13,0,4,0
2831,4,0,4,0,4,0,4,0,4,0
2832,4,1,4,1,4,1,4,1,4,1
2833,3,0,3,0,4,0,3,0,3,0
2834,4,0,5,0,6,0,8,0,13,0
2835,3,0,3,0,3,0,4,0,30,0
2836,7,0,18,0,75,0,57,0,34,0
2837,9,0,12,0,17,0,28,0,16,0
2838,7,0,9,0,11,0,15,0,24,0
2839,9,0,12,0,13,0,14,0,15,0
2840,5,1,4,1,4,1,4,1,4,1
2841,5,0,12,0,62,0,71,0,41,0
2842,62,0,68,0,68,0,64,0,52,0
2843,3,0,3,0,3,0,3,0,3,0
2844,72,0,61,0,26,0,4,0,3,0
2845,2,0,3,0,3,0,3,0,8,0
2846,25,0,59,0,48,0,37,0,24,0
2847,58,0,47,0,35,0,18,0,5,0
2848,0,0,0,0,0,0,0,0,0,0
2849,4,0,6,0,11,0,41,0,51,0
2850,2,0,2,0,2,0,2,0,2,0
2851,4,1,4,1,4,1,4,1,4,1
2852,31,0,27,0,28,0,29,0,32,0
2853,62,0,39,0,31,0,11,0,6,0
2854,0,0,0,0,0,0,0,0,0,0
2855,4,0,4,0,4,0,4,0,4,0
2856,4,0,4,0,4,0,37,0,86,0
2857,75,0,41,0,22,0,33,0,50,0
2858,2,0,2,0,2,0,2,0,2,0
2859,2,0,2,0,2,0,2,0,2,0
2860,5,0,6,0,8,0,12,0,23,0
2861,16,1,14,1,9,1,6,1,5,1
2862,3,0,3,0,4,0,4,0,4,0
2863,0,0,0,0,0,0,0,0,0,0
2864,17,0,24,0,19,0,17,0,15,0
2865,2,0,4,0,3,0,3,0,7,0
2866,2,0,2,0,2,0,2,0,2,0
2867,9,42,9,42,8,42,9,42,9,42
2868,8,0,12,0,10,0,10,0,9,0
2869,0,0,0,0,0,0,0,0,0,0
2870,2,0,2,0,2,0,2,0,2,0
2871,9,0,13,0,12,0,8,0,11,0
2872,70,0,62,0,40,0,25,0,7,0
2873,40,0,8,0,4,0,3,0,3,0
2874,5,15,5,15,5,15,7,15,6,15
2875,0,0,0,0,0,0,0,0,0,0
2876,1,0,3,0,3,0,3,0,2,0
2877,19,0,6,0,4,0,3,0,3,0
2878,6,0,8,0,27,0,46,0,33,0
2879,3,0,3,0,3,0,3,0,3,0
2880,11,0,32,0,37,0,19,0,14,0
2881,42,0,43,0,5,0,4,0,2,0
2882,3,0,3,0,3,0,3,0,3,0
2883,17,0,8,0,9,0,28,0,62,0
2884,18,0,59,0,63,0,47,0,34,0
2885,3,0,3,0,6,0,25,0,66,0
2886,5,0,4,0,4,0,8,0,27,0
2887,1,86,1,86,1,86,1,86,1,86
2888,4,0,3,0,7,0,61,0,78,0
2889,14,0,14,0,11,0,11,0,12,0
2890,17,0,15,0,15,0,18,0,17,0
2891,4,0,4,0,4,0,4,0,4,0
2892,2,0,16,0,71,0,63,0,44,0
2893,52,0,42,0,5,0,2,0,2,0
2894,16,0,36,0,35,0,14,0,12,0
2895,4,0,4,0,9,0,16,0,15,0
2896,2,0,5,0,9,0,17,0,29,0
2897,17,0,16,0,14,0,10,0,9,0
2898,4,0,4,0,4,0,4,0,4,0
2899,2,0,4,0,3,0,8,0,29,0
2900,5,200,12,200,18,200,17,200,19,200
2901,7,0,14,0,15,0,25,0,17,0
2902,4,0,3,0,3,0,3,0,3,0
2903,12,0,19,0,27,0,11,0,5,0
2904,4,0,4,0,4,0,4,0,4,0
2905,3,0,4,0,4,0,16,0,52,0
2906,23,0,23,0,11,0,11,0,18,0
2907,17,0,100,0,82,0,45,0,57,0
2908,58,0,32,0,22,0,17,0,23,0
2909,4,0,5,0,5,0,7,0,8,0
2910,40,0,43,0,3,0,3,0,3,0
2911,3,0,5,0,14,0,67,0,52,0
2912,2,0,2,0,2,0,2,0,2,0
2913,4,0,4,0,3,0,3,0,4,0
2914,62,0,53,0,30,0,18,0,15,0
2915,48,0,16,0,6,0,4,0,3,0
2916,8,0,6,0,4,0,4,0,4,0
2917,40,0,36,0,34,0,35,0,40,0
2918,11,0,28,0,58,0,50,0,33,0
2919,4,0,4,0,4,0,4,0,4,0
2920,3,0,3,0,2,0,3,0,24,0
2921,67,0,43,0,26,0,16,0,15,0
2922,3,0,4,0,13,0,54,0,48,0
2923,4,0,3,0,3,0,4,0,4,0
2924,3,0,3,0,3,0,3,0,8,0
2925,4,0,4,0,4,0,4,0,4,0
2926,59,0,32,0,27,0,31,0,41,0
2927,0,0,0,0,0,0,0,0,0,0
2928,4,0,5,0,5,0,13,0,46,0
2929,0,0,0,0,0,0,0,0,0,0
2930,4,0,4,0,5,0,6,0,12,0
2931,48,0,9,0,6,0,6,0,6,0
2932,6,0,6,0,5,0,10,0,35,0
2933,46,0,41,0,37,0,37,0,42,0
2934,88,0,94,0,86,0,89,0,89,0
2935,79,0,41,0,55,0,5,0,4,0
2936,3,0,3,0,3,0,3,0,3,0
2937,79,0,49,0,54,0,5,0,3,0
2938,4,0,4,0,4,0,4,0,4,0
2939,37,0,54,0,68,0,41,0,36,0
2940,4,0,4,0,4,0,4,0,4,0
2941,0,0,0,0,0,0,0,0,0,0
2942,17,0,14,0,11,0,10,0,9,0
2943,0,0,0,0,0,0,1,0,0,0
2944,100,199,100,199,100,199,100,199,100,199
2945,0,0,0,0,0,0,0,0,0,0
2946,3,0,3,0,2,0,2,0,1,0
2947,10,0,29,0,29,0,25,0,17,0
2948,2,0,2,0,2,0,2,0,2,0
2949,44,0,41,0,38,0,40,0,42,0
2950,0,0,0,0,0,0,0,0,0,0
2951,2,0,2,0,2,0,2,0,2,0
2952,26,0,27,0,27,0,27,0,24,0
2953,0,0,0,0,0,0,0,0,0,0
2954,5,2,4,2,5,2,4,2,5,2
2955,0,0,0,0,0,0,0,0,0,0
2956,3,0,2,0,3,0,4,0,12,0
2957,3,0,3,0,3,0,3,0,3,0
2958,3,0,2,0,10,0,34,0,65,0
2959,19,0,81,0,54,0,31,0,13,0
2960,19,0,15,0,18,0,18,0,23,0
2961,36,0,58,0,6,0,3,0,4,0
2962,3,0,3,0,3,0,3,0,3,0
2963,11,0,24,0,32,0,25,0,11,0
2964,0,0,0,0,0,0,0,0,0,0
2965,59,0,47,0,35,0,24,0,7,0
2966,56,0,19,0,10,0,3,0,3,0
2967,9,0,4,0,2,0,3,0,4,0
2968,5,0,5,0,2,0,2,0,2,0
2969,10,0,2,0,2,0,3,0,2,0
2970,43,0,56,0,6,0,3,0,3,0
2971,4,0,4,0,4,0,4,0,4,0
2972,74,0,51,0,41,0,47,0,49,0
2973,3,0,3,0,3,0,3,0,3,0
2974,70,0,44,0,25,0,2,0,3,0
2975,4,0,4,0,4,0,3,0,4,0
2976,12,0,9,0,12,0,26,0,23,0
2977,0,0,0,0,0,0,0,0,0,0
2978,41,0,31,0,22,0,26,0,15,0
2979,10,0,54,0,69,0,43,0,39,0
2980,3,0,5,0,27,0,73,0,23,0
2981,12,0,10,0,10,0,16,0,18,0
2982,4,0,14,0,64,0,61,0,38,0
2983,53,0,61,0,9,0,3,0,3,0
2984,79,0,33,0,53,0,3,0,3,0
2985,19,0,64,0,48,0,32,0,19,0
2986,44,0,31,0,31,0,26,0,29,0
2987,15,0,5,0,3,0,4,0,3,0
2988,76,0,50,0,40,0,7,0,2,0
2989,1,0,0,0,1,0,1,0,1,0
2990,16,0,14,0,11,0,8,0,6,0
2991,9,0,12,0,14,0,10,0,10,0
2992,2,0,2,0,6,0,66,0,88,0
2993,35,0,4,0,3,0,2,0,2,0
2994,0,0,0,0,0,0,0,0,0,0
2995,4,0,4,0,4,0,4,0,4,0
2996,3,0,3,0,3,0,3,0,3,0
